Date,Product,Category,Country,SalesRate,Sales Revenue,Discount (%),Profit,Stock Level,Reorder Point,Lead Time (days),Vendor
01/01/2023,Product B,Category 2,Australia,29,654.32,1.86,74.2,464,121,1,Retail
02/01/2023,Product A,Category 2,UK,38,858.95,8.21,59.94,210,40,1,Wholesale
03/01/2023,Product C,Category 2,Australia,60,187.76,3.27,211.08,472,126,1,Retail
04/01/2023,Product B,Category 1,Canada,13,603.08,4.44,200.15,143,94,7,Retail
05/01/2023,Product A,Category 1,USA,64,550.98,6.35,224.46,223,106,7,Wholesale
06/01/2023,Product B,Category 2,USA,80,735.57,5.19,112.27,214,130,4,Retail
07/01/2023,Product B,Category 2,Australia,37,580.86,1.75,382.18,164,113,2,Retail
08/01/2023,Product A,Category 1,USA,13,586.66,1.8,435.63,269,94,3,Retail
09/01/2023,Product C,Category 1,UK,31,486.64,3.86,472.42,493,81,8,Retail
10/01/2023,Product C,Category 1,UK,85,377.95,1.01,271.56,80,96,8,Retail
11/01/2023,Product D,Category 1,USA,54,534.04,12.53,365.39,60,111,6,Retail
12/01/2023,Product A,Category 2,UK,76,206.64,5.75,435,392,134,9,Retail
13/01/2023,Product D,Category 2,USA,95,965.36,5.59,238.23,426,107,9,Retail
14/01/2023,Product D,Category 1,USA,75,742.97,6.64,189.24,179,60,4,Wholesale
15/01/2023,Product D,Category 2,USA,97,957.22,13.26,471.53,154,120,1,Retail
16/01/2023,Product C,Category 1,Australia,43,304.05,17.41,282.05,76,46,1,Retail
17/01/2023,Product A,Category 2,USA,64,891.41,15.18,273.76,276,84,5,Wholesale
18/01/2023,Product D,Category 1,Australia,10,827.91,14.55,130.29,51,139,2,Retail
19/01/2023,Product A,Category 2,USA,81,709.44,9.69,98.67,408,122,6,Retail
20/01/2023,Product A,Category 1,USA,96,662.53,13.88,428.95,150,65,7,Retail
21/01/2023,Product C,Category 1,USA,47,384.89,11.06,326.36,70,130,1,Retail
22/01/2023,Product D,Category 2,UK,15,834.77,4.33,196.62,107,55,6,Retail
23/01/2023,Product D,Category 1,Australia,95,551.36,4.17,136.28,438,82,8,Retail
24/01/2023,Product A,Category 2,Australia,34,163.8,5.93,299.97,229,46,5,Wholesale
25/01/2023,Product B,Category 2,USA,91,381.58,18.22,312.76,478,115,7,Wholesale
26/01/2023,Product C,Category 1,USA,26,941.77,10.95,143.15,390,54,6,Wholesale
27/01/2023,Product C,Category 2,UK,70,865.61,14.68,433.13,398,31,4,Wholesale
28/01/2023,Product C,Category 2,UK,21,983.72,6.93,87.92,69,148,7,Wholesale
29/01/2023,Product C,Category 2,UK,15,665.19,8.15,210.24,304,115,9,Retail
30/01/2023,Product D,Category 2,Australia,99,322.76,2.51,356.17,366,34,7,Retail
31/01/2023,Product D,Category 2,Australia,36,246.53,3.43,173.35,87,33,5,Retail
01/02/2023,Product B,Category 1,Australia,17,268.22,16.55,422.45,197,65,7,Retail
02/02/2023,Product C,Category 2,USA,92,117.82,11.7,382.94,74,35,3,Retail
03/02/2023,Product C,Category 2,Australia,74,451.61,6.75,405.06,435,145,2,Wholesale
04/02/2023,Product A,Category 2,Canada,66,272.28,16.06,103.6,170,50,5,Wholesale
05/02/2023,Product D,Category 2,Canada,49,470.49,4.93,113.25,465,106,4,Retail
06/02/2023,Product C,Category 2,UK,23,941.49,19.52,178.91,75,147,5,Retail
07/02/2023,Product B,Category 1,Australia,44,487.49,6.9,283.13,218,130,8,Retail
08/02/2023,Product B,Category 2,Canada,57,890.19,6.75,386.61,372,148,4,Wholesale
09/02/2023,Product D,Category 1,UK,93,644.95,6.24,426.44,274,118,9,Wholesale
10/02/2023,Product B,Category 1,Australia,65,322.42,2.44,366.95,50,55,7,Retail
11/02/2023,Product B,Category 1,USA,58,420.27,2.22,467.87,356,84,7,Wholesale
12/02/2023,Product D,Category 1,Canada,22,175.53,12.96,382.43,310,68,8,Retail
13/02/2023,Product C,Category 2,USA,70,400.12,17.5,187.82,62,113,6,Wholesale
14/02/2023,Product C,Category 1,Australia,58,709.79,15.81,169.29,452,62,8,Wholesale
15/02/2023,Product B,Category 1,Canada,55,164.9,2.82,363.29,445,43,3,Retail
16/02/2023,Product B,Category 2,Australia,71,284.86,10.91,136.79,97,85,1,Wholesale
17/02/2023,Product C,Category 2,USA,17,443.3,2.11,91.72,458,129,6,Wholesale
18/02/2023,Product D,Category 2,Canada,52,983.84,0.91,289.5,362,110,1,Retail
19/02/2023,Product B,Category 1,USA,29,806.38,13.13,419.74,420,50,9,Wholesale
20/02/2023,Product A,Category 2,Australia,99,760.14,10.7,95.62,340,75,2,Retail
21/02/2023,Product D,Category 2,Australia,48,204.57,1.64,406.35,381,45,2,Wholesale
22/02/2023,Product B,Category 1,USA,94,802.9,0.7,415.21,143,139,7,Retail
23/02/2023,Product B,Category 2,Canada,58,806.74,19.8,267.02,310,45,2,Retail
24/02/2023,Product A,Category 2,USA,73,640.99,0.6,75.79,327,149,8,Wholesale
25/02/2023,Product A,Category 2,Australia,71,991.33,8.89,128.57,408,113,6,Wholesale
26/02/2023,Product C,Category 2,USA,63,392.73,10.09,368.34,254,58,7,Retail
27/02/2023,Product D,Category 1,Australia,18,947.15,2.35,370.3,234,121,7,Wholesale
28/02/2023,Product D,Category 2,USA,97,923.26,3.38,454.26,224,37,6,Wholesale
01/03/2023,Product C,Category 2,Canada,46,110.33,7.04,312.21,487,117,9,Wholesale
02/03/2023,Product D,Category 1,Canada,58,505.1,15.23,105.85,436,32,9,Retail
03/03/2023,Product D,Category 2,USA,50,979.39,10.14,104.64,429,118,7,Retail
04/03/2023,Product D,Category 1,USA,26,192.81,12.76,374.51,358,48,9,Retail
05/03/2023,Product D,Category 2,Canada,97,593.01,19.7,132.7,464,126,3,Wholesale
06/03/2023,Product D,Category 1,Australia,30,981.06,15.36,197.77,118,95,3,Wholesale
07/03/2023,Product A,Category 1,Canada,60,599.95,8.69,269.25,153,108,1,Retail
08/03/2023,Product D,Category 1,Australia,68,270.83,8.93,61.14,295,115,5,Retail
09/03/2023,Product A,Category 1,USA,48,623.96,12.38,161.97,210,103,4,Wholesale
10/03/2023,Product D,Category 2,USA,64,284,13.31,233.55,249,111,2,Wholesale
11/03/2023,Product C,Category 1,Australia,50,567.73,10.01,175.84,265,51,9,Wholesale
12/03/2023,Product B,Category 2,USA,48,166.64,12.9,111.37,483,75,3,Wholesale
13/03/2023,Product A,Category 1,Australia,22,644.93,0.47,377.61,261,142,8,Retail
14/03/2023,Product D,Category 1,UK,73,565.11,8.59,415.92,65,120,6,Wholesale
15/03/2023,Product C,Category 1,Canada,20,766.15,5.58,165.87,421,42,5,Wholesale
16/03/2023,Product B,Category 2,UK,28,667.63,2.58,398.49,381,62,1,Retail
17/03/2023,Product A,Category 1,Australia,20,594.65,1.99,223.5,254,34,4,Retail
18/03/2023,Product B,Category 2,Canada,86,720.8,12.06,278.01,414,119,3,Wholesale
19/03/2023,Product C,Category 2,Australia,55,229.55,10.47,435.2,88,106,1,Retail
20/03/2023,Product A,Category 2,Canada,54,635.82,5.07,387.48,138,56,5,Wholesale
21/03/2023,Product B,Category 2,Canada,10,254.9,9.42,412.3,479,107,6,Wholesale
22/03/2023,Product D,Category 2,Canada,49,932.97,9.84,111.58,305,53,2,Retail
23/03/2023,Product A,Category 2,Canada,28,161.5,3.9,81.37,303,96,3,Retail
24/03/2023,Product B,Category 2,Australia,85,487.34,13.04,452.03,265,140,6,Wholesale
25/03/2023,Product C,Category 2,Canada,81,726.22,15.62,224.53,417,144,4,Retail
26/03/2023,Product C,Category 2,Canada,81,512.22,15.83,179.55,352,92,9,Wholesale
27/03/2023,Product A,Category 1,UK,70,182.89,12.05,376.11,221,142,5,Wholesale
28/03/2023,Product B,Category 1,USA,21,598.04,10.23,426.39,186,123,4,Wholesale
29/03/2023,Product A,Category 1,USA,70,677.47,1.22,438.12,433,128,2,Retail
30/03/2023,Product A,Category 1,UK,42,733.41,5.76,192.2,227,77,6,Wholesale
31/03/2023,Product B,Category 1,UK,54,435.93,1.87,433.5,126,92,2,Wholesale
01/04/2023,Product B,Category 2,Australia,99,607.29,19.28,68.42,237,107,7,Wholesale
02/04/2023,Product D,Category 2,Australia,78,505.62,2.7,72.35,64,41,3,Retail
03/04/2023,Product B,Category 2,Australia,17,704.85,3.04,330.58,341,57,9,Wholesale
04/04/2023,Product C,Category 2,UK,34,625.2,17.79,78.4,368,73,5,Wholesale
05/04/2023,Product A,Category 2,UK,55,573.18,18.88,196.07,374,122,8,Wholesale
06/04/2023,Product A,Category 2,Canada,96,324.57,15.32,352.74,263,72,6,Retail
07/04/2023,Product C,Category 2,Australia,39,101.82,0.11,201.77,257,46,8,Wholesale
08/04/2023,Product B,Category 1,Australia,56,256.67,0.03,130.82,218,69,3,Wholesale
09/04/2023,Product C,Category 1,Australia,96,205.36,7.56,176.61,379,78,3,Retail
10/04/2023,Product C,Category 1,USA,58,504.18,2.87,255.91,329,114,5,Retail
11/04/2023,Product D,Category 1,Canada,56,651.03,0.37,263.92,354,86,3,Wholesale
12/04/2023,Product C,Category 2,Australia,93,291.78,9.28,402.35,195,116,8,Wholesale
13/04/2023,Product A,Category 2,Australia,91,945.15,18.86,387.57,312,113,8,Wholesale
14/04/2023,Product C,Category 2,Australia,27,106.01,6.48,255.57,53,93,2,Retail
15/04/2023,Product A,Category 1,USA,75,795.07,13.22,430.55,139,104,4,Retail
16/04/2023,Product A,Category 2,USA,77,662.68,13.04,101.41,109,86,1,Wholesale
17/04/2023,Product A,Category 2,UK,42,436.2,5.02,164.91,360,127,4,Retail
18/04/2023,Product B,Category 2,Canada,45,145.44,13.01,422.59,65,103,4,Wholesale
19/04/2023,Product D,Category 1,UK,91,664.74,4.25,220.1,276,103,9,Wholesale
20/04/2023,Product A,Category 2,Canada,28,447.05,2.44,491.53,78,136,3,Retail
21/04/2023,Product A,Category 1,USA,37,942.64,14.03,259.81,200,99,2,Wholesale
22/04/2023,Product B,Category 1,Australia,49,587.79,2.27,406.37,294,129,9,Retail
23/04/2023,Product A,Category 1,UK,93,945.69,19.94,231.04,319,117,9,Retail
24/04/2023,Product C,Category 1,Australia,85,298.44,3.67,241.23,128,105,1,Wholesale
25/04/2023,Product C,Category 2,UK,24,753.15,11.88,222.3,482,72,6,Retail
26/04/2023,Product D,Category 1,USA,50,655.52,8.23,373.58,338,148,8,Wholesale
27/04/2023,Product A,Category 1,USA,48,765.47,2.53,296.38,202,52,3,Retail
28/04/2023,Product B,Category 2,USA,11,293.2,0.56,474.7,326,56,9,Wholesale
29/04/2023,Product C,Category 2,UK,72,698.5,12.45,162.9,450,87,2,Wholesale
30/04/2023,Product B,Category 1,Canada,38,548.24,16.14,95.25,328,138,6,Wholesale
01/05/2023,Product B,Category 2,UK,83,768.54,16.84,226.97,106,66,1,Retail
02/05/2023,Product C,Category 1,Canada,75,394.34,9.65,327.52,235,35,7,Wholesale
03/05/2023,Product B,Category 1,UK,60,901.05,15.55,437.36,447,94,3,Retail
04/05/2023,Product C,Category 1,UK,84,175.87,13.46,205.79,142,35,7,Retail
05/05/2023,Product B,Category 1,USA,86,826.47,14.49,344.2,325,79,4,Retail
06/05/2023,Product C,Category 2,Australia,19,875.19,9.85,207.59,207,51,9,Retail
07/05/2023,Product A,Category 1,Australia,23,835.53,12.67,327.75,324,134,5,Retail
08/05/2023,Product D,Category 2,Canada,91,561.45,16.11,448.16,230,117,3,Wholesale
09/05/2023,Product C,Category 2,Australia,60,494.55,7.96,154.11,408,54,8,Retail
10/05/2023,Product C,Category 2,UK,82,996.64,16.12,231.91,489,108,6,Wholesale
11/05/2023,Product D,Category 2,UK,48,306.25,11.84,496.97,126,119,2,Wholesale
12/05/2023,Product C,Category 1,USA,37,592.19,3.32,440.85,200,101,3,Retail
13/05/2023,Product C,Category 2,USA,12,703.61,0.49,304.09,495,80,8,Wholesale
14/05/2023,Product B,Category 1,Australia,93,730.78,7.26,282.48,287,117,7,Wholesale
15/05/2023,Product D,Category 2,Canada,79,283.62,10.93,178.07,338,77,6,Retail
16/05/2023,Product A,Category 2,Australia,36,688.59,16.8,282.74,280,131,1,Wholesale
17/05/2023,Product C,Category 1,Australia,11,836.53,2.55,431.68,67,99,9,Retail
18/05/2023,Product D,Category 1,Australia,47,145.02,16,358.33,122,147,3,Retail
19/05/2023,Product B,Category 1,Australia,12,920.37,17.26,180.52,466,128,5,Retail
20/05/2023,Product A,Category 2,UK,25,126.55,3.01,140.66,465,135,7,Wholesale
21/05/2023,Product D,Category 2,Canada,49,420.37,17.03,169.34,238,94,7,Wholesale
22/05/2023,Product A,Category 1,UK,11,114.23,19.83,126.39,487,89,3,Wholesale
23/05/2023,Product A,Category 1,Canada,90,169.43,14.54,93.04,66,75,4,Wholesale
24/05/2023,Product A,Category 1,USA,50,920.05,15.7,238.61,68,65,7,Retail
25/05/2023,Product C,Category 1,Australia,21,419.37,19.89,100.98,268,87,8,Retail
26/05/2023,Product C,Category 2,UK,44,482.29,12.11,127.36,375,105,2,Wholesale
27/05/2023,Product B,Category 1,Canada,74,293.81,6.16,296.3,169,67,9,Retail
28/05/2023,Product B,Category 1,USA,64,637.39,16.75,124.07,150,40,7,Wholesale
29/05/2023,Product D,Category 1,USA,54,635.32,12.29,78.75,83,41,8,Retail
30/05/2023,Product B,Category 1,Australia,88,434.98,11.62,192.82,133,71,6,Retail
31/05/2023,Product A,Category 2,Canada,99,399.73,5.07,149.14,458,143,6,Retail
01/06/2023,Product A,Category 1,UK,94,896.47,15.13,281.89,245,68,9,Retail
02/06/2023,Product C,Category 2,Australia,71,444.96,1.63,96.07,379,100,4,Retail
03/06/2023,Product A,Category 1,UK,58,544.15,18.49,388.3,251,40,5,Wholesale
04/06/2023,Product D,Category 1,USA,34,354.97,6.52,457.81,393,65,9,Wholesale
05/06/2023,Product A,Category 2,UK,32,808.09,2.56,384.55,390,81,1,Retail
06/06/2023,Product A,Category 1,UK,33,457.7,8.85,289.77,60,60,4,Wholesale
07/06/2023,Product D,Category 2,Australia,47,562.25,0.85,437.3,396,62,7,Retail
08/06/2023,Product B,Category 2,UK,37,328.02,13.69,362.71,449,42,9,Retail
09/06/2023,Product B,Category 1,Australia,30,988.89,18.05,54.75,267,47,6,Retail
10/06/2023,Product D,Category 2,USA,63,362.35,16.75,227.34,494,70,8,Retail
11/06/2023,Product C,Category 2,Australia,27,793.67,2.55,432.93,302,87,9,Wholesale
12/06/2023,Product A,Category 2,Australia,45,484.75,2.53,205.64,271,85,4,Retail
13/06/2023,Product D,Category 2,Canada,54,285.6,16.27,65.85,432,53,1,Wholesale
14/06/2023,Product A,Category 2,UK,82,819.75,18.49,385.78,418,102,8,Retail
15/06/2023,Product C,Category 2,USA,62,400.25,9.21,410.92,129,60,2,Retail
16/06/2023,Product A,Category 2,Australia,39,878.67,9.98,122.27,56,84,1,Wholesale
17/06/2023,Product D,Category 2,USA,69,923.73,6.37,291.8,321,134,7,Retail
18/06/2023,Product A,Category 1,Canada,41,873.84,17.89,136.38,276,39,9,Retail
19/06/2023,Product B,Category 1,UK,76,131.51,12.9,373.66,65,89,9,Wholesale
20/06/2023,Product C,Category 2,Australia,76,808.64,5.77,172.2,473,31,3,Wholesale
21/06/2023,Product C,Category 1,UK,37,470.21,5.98,192.3,61,131,6,Wholesale
22/06/2023,Product C,Category 2,Canada,53,886.35,17.82,430.24,340,44,7,Retail
23/06/2023,Product D,Category 2,Canada,88,674.16,0.27,264.35,290,32,9,Retail
24/06/2023,Product C,Category 1,USA,50,850.28,6.45,351.39,70,72,2,Wholesale
25/06/2023,Product B,Category 2,Australia,72,549.49,11.09,231.07,227,60,8,Wholesale
26/06/2023,Product D,Category 2,USA,32,581.52,2.96,184.1,476,99,7,Retail
27/06/2023,Product B,Category 2,Canada,84,229.95,1.84,331.47,277,96,4,Retail
28/06/2023,Product A,Category 2,UK,57,805.59,16.31,119.69,322,85,2,Wholesale
29/06/2023,Product A,Category 1,USA,41,477.45,17.89,217.85,337,92,8,Wholesale
30/06/2023,Product A,Category 2,USA,66,550.07,16.47,144.07,346,104,5,Wholesale
01/07/2023,Product A,Category 2,UK,42,806.59,17.98,363.11,183,44,6,Wholesale
02/07/2023,Product B,Category 2,USA,33,638.96,11.06,474.89,332,138,7,Retail
03/07/2023,Product D,Category 1,UK,48,280.99,16.25,497.98,453,145,1,Retail
04/07/2023,Product D,Category 2,Australia,43,631.21,7.68,252.62,202,121,8,Retail
05/07/2023,Product C,Category 1,UK,65,466.87,13.33,163.64,115,39,4,Retail
06/07/2023,Product B,Category 1,Australia,37,522.57,19.78,249.27,186,67,9,Wholesale
07/07/2023,Product A,Category 2,UK,46,125.48,4.51,431.27,141,76,1,Retail
08/07/2023,Product B,Category 2,Canada,16,289.03,7.8,142.7,486,86,2,Wholesale
09/07/2023,Product C,Category 1,Canada,77,352.93,9.6,478.44,366,79,6,Retail
10/07/2023,Product C,Category 2,Australia,46,741.66,2.76,203.84,471,143,1,Retail
11/07/2023,Product B,Category 1,Australia,65,110.34,1.62,493.61,308,100,4,Retail
12/07/2023,Product B,Category 1,Canada,74,467.9,16.59,427.37,152,44,8,Wholesale
13/07/2023,Product B,Category 2,Australia,74,931.62,19.54,413.86,104,47,5,Retail
14/07/2023,Product D,Category 2,UK,56,200.69,8.09,193.06,306,111,9,Wholesale
15/07/2023,Product A,Category 1,UK,29,564.78,1.75,53.95,150,145,6,Wholesale
16/07/2023,Product B,Category 1,Canada,28,807.87,1.32,221.96,247,134,1,Retail
17/07/2023,Product B,Category 1,USA,38,948.28,17.83,185.81,350,117,6,Wholesale
18/07/2023,Product B,Category 1,UK,83,772.1,9.28,66.83,275,31,6,Retail
19/07/2023,Product C,Category 2,Australia,69,748.51,6.4,277.41,480,133,6,Wholesale
20/07/2023,Product C,Category 2,USA,27,843.84,9.53,231.36,286,113,8,Retail
21/07/2023,Product D,Category 2,USA,44,501.58,6.37,335.55,75,127,6,Wholesale
22/07/2023,Product A,Category 2,UK,52,825.26,9.78,329.53,170,72,5,Wholesale
23/07/2023,Product D,Category 2,UK,20,107.17,17.19,104.34,447,55,2,Retail
24/07/2023,Product A,Category 1,USA,58,932.1,11.85,489.63,231,100,4,Retail
25/07/2023,Product C,Category 2,USA,47,498.98,13.89,134.12,248,67,5,Retail
26/07/2023,Product C,Category 2,Canada,73,598.04,7.29,250.37,351,123,4,Retail
27/07/2023,Product C,Category 2,Australia,78,329.39,14.77,269.65,304,71,2,Wholesale
28/07/2023,Product D,Category 2,Canada,17,768.28,13.33,415.88,171,34,7,Wholesale
29/07/2023,Product B,Category 2,UK,43,168.97,2.39,94.65,80,40,2,Wholesale
30/07/2023,Product B,Category 1,Canada,57,885.37,11.45,242.89,364,94,1,Wholesale
31/07/2023,Product C,Category 1,Canada,65,845.31,5.13,332.83,334,63,5,Retail
01/08/2023,Product B,Category 1,Canada,85,294.45,16.08,146.82,155,149,1,Wholesale
02/08/2023,Product B,Category 2,Canada,74,828.39,8.52,332.36,273,30,1,Retail
03/08/2023,Product D,Category 1,Australia,40,807.72,19.89,465.65,322,112,1,Wholesale
04/08/2023,Product A,Category 1,Australia,13,668.99,1.85,498.88,447,31,6,Retail
05/08/2023,Product C,Category 2,USA,59,436.17,15.61,64.6,281,114,9,Retail
06/08/2023,Product C,Category 2,UK,78,344.35,13.47,156.01,469,49,1,Retail
07/08/2023,Product D,Category 2,Canada,39,308.61,15.35,189.64,305,90,5,Retail
08/08/2023,Product D,Category 1,USA,97,386.75,6.15,229.61,491,116,9,Retail
09/08/2023,Product B,Category 1,USA,68,913.2,9.84,159.02,73,50,9,Wholesale
10/08/2023,Product C,Category 2,USA,76,169.88,15.93,141.57,158,117,1,Retail
11/08/2023,Product A,Category 2,Australia,84,845.98,4.65,479.55,240,97,8,Wholesale
12/08/2023,Product D,Category 1,Canada,54,414,4.52,463.33,396,41,1,Wholesale
13/08/2023,Product A,Category 1,Canada,13,569.44,11.02,71.15,74,51,8,Retail
14/08/2023,Product A,Category 2,UK,35,815.04,10.47,202.47,236,49,1,Wholesale
15/08/2023,Product C,Category 2,Canada,36,895.94,5.65,232.32,337,111,5,Wholesale
16/08/2023,Product C,Category 1,Canada,55,410.3,5.96,157.56,165,30,8,Wholesale
17/08/2023,Product D,Category 2,USA,73,515.66,5.56,332.99,387,59,6,Retail
18/08/2023,Product C,Category 1,UK,60,473.06,15.43,338.17,415,126,9,Retail
19/08/2023,Product C,Category 1,Canada,59,111.93,13.04,432.73,451,53,1,Retail
20/08/2023,Product C,Category 1,Australia,15,366.35,16.65,383.39,86,43,9,Retail
21/08/2023,Product A,Category 1,Canada,68,513.27,19.51,294.16,331,65,1,Wholesale
22/08/2023,Product D,Category 2,USA,24,469.98,9.48,344.11,186,98,3,Wholesale
23/08/2023,Product B,Category 2,Australia,39,749.74,1.33,173.29,276,104,1,Wholesale
24/08/2023,Product A,Category 1,USA,51,446.32,0.96,316.88,369,53,3,Wholesale
25/08/2023,Product C,Category 1,Canada,46,540.44,5.91,270.15,377,89,2,Wholesale
26/08/2023,Product A,Category 1,Australia,51,486.65,18.65,110.01,453,124,2,Wholesale
27/08/2023,Product C,Category 1,UK,44,766.56,10.46,159.14,231,84,9,Retail
28/08/2023,Product C,Category 1,UK,96,876.68,5.44,181.26,411,106,8,Wholesale
29/08/2023,Product A,Category 2,Australia,15,578.7,7.98,465.94,135,109,1,Wholesale
30/08/2023,Product D,Category 2,Australia,77,810.49,11.97,153.67,463,53,4,Wholesale
31/08/2023,Product C,Category 2,USA,27,367.11,13.06,180.16,102,106,1,Retail
01/09/2023,Product D,Category 2,Australia,82,587.23,3.08,216.21,397,53,1,Wholesale
02/09/2023,Product B,Category 1,USA,38,410.71,19.54,348.68,404,83,4,Wholesale
03/09/2023,Product C,Category 1,Canada,86,472.78,10.9,103.21,284,55,2,Retail
04/09/2023,Product D,Category 1,USA,68,759.17,2.71,479.28,496,95,3,Wholesale
05/09/2023,Product D,Category 1,Australia,56,893.5,17.87,439.51,316,109,9,Retail
06/09/2023,Product B,Category 1,Australia,26,209.35,1.49,309.75,336,67,2,Retail
07/09/2023,Product D,Category 2,Canada,31,671.18,18.15,353.32,482,139,4,Wholesale
08/09/2023,Product D,Category 1,Australia,77,623.93,19.93,57.5,149,94,1,Wholesale
09/09/2023,Product B,Category 2,Australia,78,206.57,14.01,202.53,136,142,2,Retail
10/09/2023,Product C,Category 2,UK,46,290.7,15.41,408.05,452,104,5,Wholesale
11/09/2023,Product D,Category 2,UK,58,379.9,6.75,84.87,445,80,1,Wholesale
12/09/2023,Product D,Category 2,Canada,22,250.24,18.83,177.04,64,64,7,Retail
13/09/2023,Product D,Category 1,USA,43,319.36,10.59,313.38,464,72,4,Retail
14/09/2023,Product A,Category 2,UK,95,340.84,14.65,165.39,476,58,6,Wholesale
15/09/2023,Product B,Category 2,USA,62,402.11,18.48,470.29,150,66,8,Retail
16/09/2023,Product A,Category 2,Australia,96,774.45,19.5,108.98,214,110,6,Wholesale
17/09/2023,Product B,Category 1,UK,60,614.72,16.66,408.83,78,87,2,Wholesale
18/09/2023,Product C,Category 1,Canada,12,987.62,6.06,278.58,163,83,1,Wholesale
19/09/2023,Product C,Category 1,Canada,51,473.26,19.33,387.65,156,68,8,Wholesale
20/09/2023,Product D,Category 2,Canada,41,778.48,12.56,189.82,459,71,8,Retail
21/09/2023,Product B,Category 2,UK,60,884.32,18.61,281.52,413,57,9,Wholesale
22/09/2023,Product C,Category 1,USA,94,711.08,13.52,435.58,179,58,6,Retail
23/09/2023,Product B,Category 2,Australia,55,470.68,6.14,260.1,133,72,1,Wholesale
24/09/2023,Product C,Category 1,USA,30,778.24,7.4,211.87,320,32,9,Wholesale
25/09/2023,Product A,Category 1,USA,53,283.3,11.01,291.27,293,145,3,Retail
26/09/2023,Product C,Category 2,Australia,20,394.8,15.8,372.81,437,39,6,Wholesale
27/09/2023,Product A,Category 2,Australia,77,592.02,6.36,249.6,263,88,9,Retail
28/09/2023,Product C,Category 2,UK,10,617.87,11.59,472.49,355,135,3,Retail
29/09/2023,Product D,Category 2,UK,72,119.93,6.91,182.73,215,43,5,Wholesale
30/09/2023,Product A,Category 1,UK,33,950.6,16.32,263.96,328,105,5,Wholesale
01/10/2023,Product C,Category 1,UK,22,726.96,9.33,390.62,108,76,7,Wholesale
02/10/2023,Product D,Category 1,UK,20,546.13,1.53,360.1,139,71,4,Wholesale
03/10/2023,Product A,Category 1,Australia,60,939.81,3.32,438.64,420,123,4,Retail
04/10/2023,Product D,Category 1,USA,26,495.19,1.22,498.56,380,61,7,Wholesale
05/10/2023,Product B,Category 2,UK,91,982.39,9.99,242.09,461,61,9,Wholesale
06/10/2023,Product B,Category 1,UK,95,561.06,2.13,100.02,243,71,4,Wholesale
07/10/2023,Product A,Category 1,USA,33,202.86,2.28,63.69,172,61,4,Wholesale
08/10/2023,Product C,Category 1,UK,28,788.32,18.82,377.09,185,55,6,Wholesale
09/10/2023,Product A,Category 2,USA,46,711.01,17.45,443.31,462,144,6,Retail
10/10/2023,Product D,Category 2,USA,94,795.69,9.04,149.32,188,30,7,Wholesale
11/10/2023,Product C,Category 2,Australia,17,956.3,19.72,121.3,278,85,1,Retail
12/10/2023,Product B,Category 2,Canada,37,798.84,0,77.99,323,135,3,Wholesale
13/10/2023,Product C,Category 1,Australia,14,650.2,12.28,420.22,488,31,9,Wholesale
14/10/2023,Product B,Category 1,Canada,26,871.58,12.33,190.12,99,110,6,Wholesale
15/10/2023,Product C,Category 2,Canada,45,705.92,9.15,230.76,447,59,6,Retail
16/10/2023,Product C,Category 2,Canada,28,467.31,7.94,276.24,167,149,5,Wholesale
17/10/2023,Product C,Category 1,UK,73,897.06,9.11,427.75,251,132,3,Retail
18/10/2023,Product D,Category 1,Australia,20,299.71,8.3,342.87,442,100,5,Retail
19/10/2023,Product D,Category 2,Canada,63,743.18,14.61,326.78,444,81,1,Wholesale
20/10/2023,Product A,Category 2,USA,54,893.41,2.71,129.05,240,120,3,Retail
21/10/2023,Product A,Category 2,UK,56,758.18,3.95,280.94,413,38,4,Wholesale
22/10/2023,Product B,Category 2,Australia,21,727.55,3.61,371.92,372,51,5,Wholesale
23/10/2023,Product D,Category 1,Canada,30,777.37,5.25,487.97,230,63,9,Retail
24/10/2023,Product B,Category 1,USA,20,518.55,10.51,140.63,472,139,4,Wholesale
25/10/2023,Product A,Category 1,Australia,14,886.75,2.22,54.29,127,78,3,Wholesale
26/10/2023,Product B,Category 2,Australia,90,283.09,17.36,83.89,489,30,1,Retail
27/10/2023,Product A,Category 2,UK,65,214.65,5.95,219.13,461,102,6,Retail
28/10/2023,Product D,Category 1,Australia,29,356.96,3.25,419.25,124,113,7,Retail
29/10/2023,Product C,Category 1,UK,50,578.42,13.51,53.21,344,82,8,Retail
30/10/2023,Product D,Category 1,Canada,55,559.51,0.76,255.53,330,112,1,Retail
31/10/2023,Product B,Category 1,UK,21,838.54,12.4,198.15,70,129,4,Retail
01/11/2023,Product B,Category 2,USA,79,464.11,13.96,73.62,443,69,5,Wholesale
02/11/2023,Product D,Category 1,UK,26,535.91,4.3,252.61,220,74,2,Retail
03/11/2023,Product D,Category 1,USA,28,112.03,0.84,164.64,64,97,1,Retail
04/11/2023,Product A,Category 1,UK,35,468.77,7.27,208.35,260,38,8,Wholesale
05/11/2023,Product B,Category 1,Australia,57,683,1.97,367.53,97,134,6,Wholesale
06/11/2023,Product B,Category 1,Canada,61,113.96,2.33,284.7,135,51,5,Retail
07/11/2023,Product D,Category 1,USA,79,352.79,5.09,106.09,198,47,9,Retail
08/11/2023,Product C,Category 1,UK,64,287.16,5.91,482.64,237,105,2,Wholesale
09/11/2023,Product B,Category 2,UK,84,137.79,10.6,336.16,421,135,8,Retail
10/11/2023,Product C,Category 2,UK,42,531.33,13.57,394.64,355,72,9,Retail
11/11/2023,Product D,Category 2,Australia,71,263.55,11.86,85.65,200,68,1,Wholesale
12/11/2023,Product D,Category 2,Australia,97,768.77,2.97,71.18,190,102,7,Retail
13/11/2023,Product A,Category 1,USA,32,863.14,3.44,58.75,118,35,8,Wholesale
14/11/2023,Product B,Category 2,USA,24,591.03,17.58,134.96,309,112,3,Retail
15/11/2023,Product C,Category 2,Australia,36,983.54,11.17,236.48,383,77,4,Wholesale
16/11/2023,Product A,Category 1,USA,84,505.43,17.4,471.12,58,140,3,Wholesale
17/11/2023,Product B,Category 1,Canada,73,562.03,7.43,255.68,170,36,7,Wholesale
18/11/2023,Product A,Category 2,Canada,90,990.3,12.29,180.61,420,109,9,Retail
19/11/2023,Product D,Category 2,Australia,60,308.39,10.47,302.87,468,98,3,Wholesale
20/11/2023,Product B,Category 1,USA,62,948.29,6.38,100.37,150,45,6,Retail
21/11/2023,Product A,Category 2,UK,87,138.55,9.4,324.28,198,30,8,Wholesale
22/11/2023,Product A,Category 1,Canada,91,501.75,10.05,305.79,491,144,6,Wholesale
23/11/2023,Product C,Category 1,Australia,60,163,4.02,406.4,195,66,2,Wholesale
24/11/2023,Product A,Category 1,USA,56,756.31,6.3,494.01,402,132,7,Retail
25/11/2023,Product B,Category 1,Australia,13,647.57,15.83,162.89,292,112,2,Retail
26/11/2023,Product B,Category 2,UK,16,735.97,18.32,279.35,290,147,2,Wholesale
27/11/2023,Product C,Category 1,Canada,44,437.03,7.2,458.99,386,66,2,Retail
28/11/2023,Product B,Category 1,Australia,57,432.53,6.14,403.34,92,110,1,Retail
29/11/2023,Product D,Category 2,Australia,82,140.79,3.9,269.33,144,93,1,Retail
30/11/2023,Product B,Category 1,Australia,81,414.95,13.57,475.42,275,119,7,Wholesale
01/12/2023,Product B,Category 2,UK,54,936.36,6.46,75.76,55,115,5,Retail
02/12/2023,Product A,Category 2,Australia,90,441.3,19.75,468.95,263,91,3,Wholesale
03/12/2023,Product A,Category 2,UK,90,848.23,6.51,72.73,255,101,1,Wholesale
04/12/2023,Product B,Category 1,UK,81,858.09,7.88,296.29,116,90,6,Wholesale
05/12/2023,Product C,Category 2,UK,28,435.92,12.07,450.7,445,62,1,Retail
06/12/2023,Product A,Category 2,Canada,72,668.79,16.03,168.22,149,95,9,Wholesale
07/12/2023,Product C,Category 1,Canada,47,185.83,9.39,262.51,61,59,2,Retail
08/12/2023,Product B,Category 2,Australia,76,193.31,8.45,195.95,286,140,1,Retail
09/12/2023,Product B,Category 2,Australia,68,143.79,19.91,478.46,371,49,7,Wholesale
10/12/2023,Product D,Category 2,Canada,78,622.91,0.21,420.64,307,89,6,Wholesale
11/12/2023,Product A,Category 2,USA,22,483.46,17.9,369.05,448,111,6,Wholesale
12/12/2023,Product B,Category 2,Canada,56,593.23,2.98,314.43,456,136,5,Retail
13/12/2023,Product D,Category 1,UK,70,568.97,15.72,419.27,462,103,4,Retail
14/12/2023,Product A,Category 2,Canada,40,415.18,12.36,226.52,386,53,4,Wholesale
15/12/2023,Product B,Category 2,UK,89,709.73,6.84,251.4,184,149,3,Wholesale
16/12/2023,Product B,Category 1,Australia,31,782.65,17.48,378.5,271,33,8,Retail
17/12/2023,Product A,Category 1,USA,95,113.17,0.26,210.99,205,66,7,Retail
18/12/2023,Product A,Category 1,Australia,52,286.52,4.53,78.76,191,33,9,Wholesale
19/12/2023,Product A,Category 2,UK,76,741.91,11.34,83.45,477,106,1,Retail
20/12/2023,Product B,Category 1,UK,63,447.96,7.03,101.91,207,118,7,Retail
21/12/2023,Product B,Category 2,UK,19,696.24,12.21,441.36,465,106,4,Retail
22/12/2023,Product D,Category 2,USA,51,412.27,0.48,262.5,375,47,7,Retail
23/12/2023,Product C,Category 1,Canada,73,451.68,2.33,370.8,420,117,1,Retail
24/12/2023,Product A,Category 1,Australia,30,242.81,2.54,226.81,393,95,5,Retail
25/12/2023,Product B,Category 2,Australia,89,332.41,3.79,166.42,311,77,3,Wholesale
26/12/2023,Product B,Category 1,Canada,85,644.87,9.19,206.24,332,62,5,Retail
27/12/2023,Product A,Category 2,Australia,75,489.85,15.04,407.38,387,87,4,Wholesale
28/12/2023,Product C,Category 1,USA,50,796.87,18.11,331.35,393,112,2,Wholesale
29/12/2023,Product A,Category 1,Australia,33,867.33,16.71,471.94,278,102,4,Retail
30/12/2023,Product C,Category 1,UK,44,587.48,3.94,355.87,425,57,3,Wholesale
31/12/2023,Product B,Category 2,Canada,65,782.44,8.82,306.58,329,64,1,Wholesale
01/01/2024,Product C,Category 1,USA,39,376.21,3.99,324.59,407,132,8,Wholesale
02/01/2024,Product D,Category 2,Canada,66,473.47,5.29,474.07,339,39,5,Retail
03/01/2024,Product B,Category 2,USA,56,741.5,10.07,404.69,217,94,4,Wholesale
04/01/2024,Product D,Category 2,UK,44,447.59,1.36,60.82,96,71,5,Retail
05/01/2024,Product A,Category 2,Canada,28,629.65,4.36,290.36,252,114,4,Wholesale
06/01/2024,Product A,Category 1,Australia,17,266.84,18.71,359.75,263,38,3,Wholesale
07/01/2024,Product A,Category 2,USA,35,639.79,9.32,386.91,295,89,5,Wholesale
08/01/2024,Product C,Category 2,Canada,80,875.36,8.91,145.91,73,140,4,Wholesale
09/01/2024,Product B,Category 1,Australia,39,881.78,0.29,440.23,370,44,1,Retail
10/01/2024,Product A,Category 2,Canada,16,751.91,4.95,480.13,323,128,3,Wholesale
11/01/2024,Product A,Category 1,Canada,76,771.18,17.33,156.52,93,86,8,Wholesale
12/01/2024,Product B,Category 2,Canada,74,602.13,3.29,447.18,381,98,7,Retail
13/01/2024,Product A,Category 1,USA,45,626.2,8.3,93.64,362,134,2,Retail
14/01/2024,Product D,Category 2,Australia,34,220.29,0.29,75.07,412,51,1,Retail
15/01/2024,Product B,Category 1,UK,46,499.47,9.57,108.15,205,93,3,Wholesale
16/01/2024,Product B,Category 2,USA,10,505.7,0.42,75.98,429,70,5,Retail
17/01/2024,Product B,Category 2,USA,24,962.65,16.39,430.26,248,116,1,Retail
18/01/2024,Product D,Category 1,USA,46,487.98,16.5,76.57,456,100,3,Retail
19/01/2024,Product B,Category 1,UK,22,594.41,15.75,172.25,211,85,3,Retail
20/01/2024,Product D,Category 1,Australia,17,579.93,5.67,96.69,444,52,5,Retail
21/01/2024,Product B,Category 1,Australia,14,673.09,16.74,182.94,283,137,3,Retail
22/01/2024,Product C,Category 2,Australia,69,773.41,10.86,90.75,212,54,9,Wholesale
23/01/2024,Product A,Category 2,Canada,82,302.54,7.48,350.6,165,120,1,Retail
24/01/2024,Product C,Category 1,Canada,10,575.85,12.51,110,142,134,4,Wholesale
25/01/2024,Product A,Category 2,Canada,45,843.33,0.25,433.33,91,35,4,Retail
26/01/2024,Product D,Category 1,UK,44,516.8,2.86,417.74,333,148,1,Retail
27/01/2024,Product C,Category 1,Canada,75,350.61,14.85,56.15,428,63,2,Retail
28/01/2024,Product B,Category 2,UK,72,689.24,4.88,453.08,259,92,1,Wholesale
29/01/2024,Product A,Category 2,Australia,32,841.39,11.96,63.02,255,38,6,Retail
30/01/2024,Product A,Category 2,Canada,18,156.83,7.7,157.84,269,89,3,Retail
31/01/2024,Product C,Category 2,Canada,43,799.11,17.1,64.58,329,78,7,Retail
01/02/2024,Product D,Category 2,USA,55,839.48,19.05,201.13,185,126,5,Retail
02/02/2024,Product C,Category 2,UK,87,515.37,17.67,281.24,155,80,9,Wholesale
03/02/2024,Product D,Category 2,Australia,13,984.98,5.41,408.49,167,89,7,Wholesale
04/02/2024,Product D,Category 1,USA,39,808.04,3.88,202.09,286,99,4,Wholesale
05/02/2024,Product A,Category 1,USA,84,796.3,9.49,367.47,358,66,5,Wholesale
06/02/2024,Product C,Category 1,Australia,81,773.05,0.15,134.38,437,60,5,Wholesale
07/02/2024,Product C,Category 1,USA,12,235.55,0.52,387.77,149,127,5,Retail
08/02/2024,Product D,Category 1,UK,23,295.51,11.07,156.2,310,70,9,Retail
09/02/2024,Product C,Category 2,UK,69,517.59,10.41,114.6,354,91,3,Retail
10/02/2024,Product B,Category 1,Canada,86,337.6,19.89,133.43,403,122,6,Wholesale
11/02/2024,Product B,Category 1,USA,54,473.72,4.04,131.93,335,87,8,Retail
12/02/2024,Product C,Category 1,Canada,43,899.62,5.16,280.79,377,43,9,Wholesale
13/02/2024,Product C,Category 1,USA,54,841.89,2.27,430.16,152,65,7,Retail
14/02/2024,Product D,Category 1,UK,70,667.04,18.35,85.82,112,65,3,Wholesale
15/02/2024,Product B,Category 1,UK,92,872.31,15.56,368.13,224,146,1,Retail
16/02/2024,Product B,Category 1,UK,25,805.4,16.45,344.46,331,108,4,Retail
17/02/2024,Product A,Category 2,USA,75,486.09,18.06,442.63,490,37,6,Retail
18/02/2024,Product D,Category 2,UK,49,280.96,10.5,159.87,342,55,3,Retail
19/02/2024,Product A,Category 1,USA,26,562.78,9.02,252.55,275,65,1,Wholesale
20/02/2024,Product B,Category 2,Canada,43,762.61,6.61,466.62,56,77,6,Retail
21/02/2024,Product D,Category 2,USA,25,492.78,11.78,347,176,114,1,Retail
22/02/2024,Product C,Category 2,Canada,69,700.09,9.09,224.95,473,57,9,Retail
23/02/2024,Product D,Category 2,USA,75,184.89,9.03,109.14,141,97,1,Wholesale
24/02/2024,Product C,Category 1,Canada,75,773.2,18.74,168.12,472,91,6,Retail
25/02/2024,Product C,Category 2,UK,99,831.44,19.68,311.55,239,109,1,Retail
26/02/2024,Product D,Category 2,Canada,22,736.15,15.93,373.18,408,115,7,Retail
27/02/2024,Product C,Category 2,UK,65,970.54,15.14,105.99,102,105,3,Retail
28/02/2024,Product A,Category 1,UK,40,843.99,13.61,319.82,291,109,6,Retail
29/02/2024,Product B,Category 1,Canada,43,912.78,3.32,297.66,181,80,7,Wholesale
01/03/2024,Product C,Category 1,USA,48,940.21,1.18,281.28,413,133,1,Wholesale
02/03/2024,Product A,Category 1,USA,76,821.21,13.81,360.56,161,131,1,Wholesale
03/03/2024,Product C,Category 1,Australia,17,706.83,14.58,426.85,458,71,5,Retail
04/03/2024,Product B,Category 1,USA,96,105.15,0.94,195.35,56,130,6,Wholesale
05/03/2024,Product A,Category 1,Australia,87,519.24,18.56,450.06,279,58,9,Retail
06/03/2024,Product B,Category 2,USA,64,614.05,1.82,122.29,205,111,1,Retail
07/03/2024,Product B,Category 2,USA,36,373.63,5.72,127.86,246,39,4,Retail
08/03/2024,Product A,Category 2,UK,62,386.29,13.45,170.05,372,135,8,Retail
09/03/2024,Product A,Category 1,Australia,48,965.04,3.4,103.79,413,68,9,Wholesale
10/03/2024,Product A,Category 1,USA,74,902.54,1.11,153.64,272,111,3,Wholesale
11/03/2024,Product D,Category 1,Australia,26,864.26,6.62,97.89,416,30,2,Wholesale
12/03/2024,Product A,Category 1,UK,39,465.41,15.32,419.79,299,68,4,Retail
13/03/2024,Product A,Category 1,UK,62,112.33,8.27,112.54,453,50,2,Wholesale
14/03/2024,Product A,Category 2,Australia,22,172.2,13.06,386.28,132,94,1,Wholesale
15/03/2024,Product A,Category 2,UK,30,380.98,11.59,71.56,289,44,3,Retail
16/03/2024,Product C,Category 1,Canada,28,114.17,0.44,476.83,429,33,7,Wholesale
17/03/2024,Product D,Category 1,Canada,62,115.43,19.77,370.02,444,89,1,Retail
18/03/2024,Product B,Category 1,UK,28,924.94,0.83,53.06,409,90,2,Wholesale
19/03/2024,Product A,Category 1,Canada,66,735.54,19.36,393.74,372,49,1,Wholesale
20/03/2024,Product C,Category 2,USA,34,378.06,11,281.34,312,39,8,Wholesale
21/03/2024,Product C,Category 1,Australia,95,219.38,19.26,400.71,456,116,5,Retail
22/03/2024,Product C,Category 1,USA,40,560.47,2.3,285.12,238,134,8,Wholesale
23/03/2024,Product B,Category 1,Australia,90,104.81,9.81,338.46,415,63,3,Wholesale
24/03/2024,Product A,Category 1,UK,64,944.57,3.39,403.85,339,139,7,Wholesale
25/03/2024,Product D,Category 2,USA,32,473.33,1.02,232.3,411,77,8,Wholesale
26/03/2024,Product D,Category 1,UK,41,462.1,12.35,51.22,452,62,6,Retail
27/03/2024,Product C,Category 1,UK,71,451.53,4.16,432.48,107,127,7,Retail
28/03/2024,Product B,Category 2,Australia,83,162.4,11.75,221.4,58,132,2,Wholesale
29/03/2024,Product B,Category 2,Australia,19,674.49,2.25,273.22,353,90,8,Wholesale
30/03/2024,Product B,Category 2,Australia,81,759.7,6.64,53.49,164,39,5,Wholesale
31/03/2024,Product D,Category 1,USA,63,708.51,15.63,271.44,259,83,7,Retail
01/04/2024,Product C,Category 1,Canada,61,224.59,8.74,493.92,90,113,1,Wholesale
02/04/2024,Product A,Category 2,Australia,29,620.96,12.55,175.22,353,94,5,Wholesale
03/04/2024,Product D,Category 2,Australia,41,612.54,12.95,227.94,222,106,1,Retail
04/04/2024,Product C,Category 2,USA,23,881.57,16.88,359.24,283,30,8,Retail
05/04/2024,Product C,Category 2,Australia,59,441.21,6.5,416.66,330,34,4,Retail
06/04/2024,Product A,Category 2,USA,37,434.34,13.75,237.83,421,109,4,Wholesale
07/04/2024,Product A,Category 2,UK,62,656.67,19.23,189.35,127,44,2,Retail
08/04/2024,Product A,Category 1,Australia,33,669.77,14.6,472.02,157,142,5,Retail
09/04/2024,Product B,Category 1,Australia,88,522.36,9.8,354.72,330,57,1,Wholesale
10/04/2024,Product A,Category 1,UK,31,498.75,12.61,103.56,452,124,9,Retail
11/04/2024,Product C,Category 2,UK,39,544.73,14.79,81.02,88,52,5,Wholesale
12/04/2024,Product A,Category 2,UK,72,874.94,12.25,267.6,168,141,6,Wholesale
13/04/2024,Product C,Category 2,Australia,13,515.05,0.33,149.04,384,138,2,Retail
14/04/2024,Product D,Category 2,Canada,86,945.94,3.9,164.29,385,136,1,Wholesale
15/04/2024,Product B,Category 2,Canada,68,553.6,16.21,444.96,76,46,4,Retail
16/04/2024,Product D,Category 2,Canada,96,954.28,5.45,90.3,153,142,7,Retail
17/04/2024,Product D,Category 1,Australia,17,849.55,14.63,371.91,123,127,6,Retail
18/04/2024,Product C,Category 1,UK,91,426.19,7.44,172.01,240,42,1,Wholesale
19/04/2024,Product D,Category 2,Australia,21,877.28,10.44,392.15,373,43,1,Retail
20/04/2024,Product C,Category 1,UK,40,199.06,1.36,375.09,196,40,8,Wholesale
21/04/2024,Product A,Category 2,Australia,87,932.54,3.62,53.33,304,57,4,Wholesale
22/04/2024,Product A,Category 1,Australia,43,668.48,19.14,279.11,333,71,5,Wholesale
23/04/2024,Product C,Category 2,UK,91,148.95,17.8,112.69,262,125,7,Retail
24/04/2024,Product A,Category 2,Canada,84,679.83,13.05,439.8,172,128,8,Wholesale
25/04/2024,Product B,Category 1,UK,85,976.82,9.19,442.21,255,90,7,Wholesale
26/04/2024,Product D,Category 1,USA,58,162.82,13.52,238.26,466,93,2,Retail
27/04/2024,Product B,Category 2,USA,88,599.22,12.37,249.98,289,60,4,Retail
28/04/2024,Product D,Category 2,UK,66,773.01,11.37,186.48,443,110,1,Wholesale
29/04/2024,Product A,Category 1,Australia,35,829.23,1.18,372.47,388,140,9,Wholesale
30/04/2024,Product B,Category 1,USA,27,472.44,12.66,211.4,335,102,3,Retail
01/05/2024,Product A,Category 2,USA,95,283.75,15.38,170.51,71,39,3,Wholesale
02/05/2024,Product D,Category 1,Australia,47,138.11,19.88,244.5,308,37,9,Wholesale
03/05/2024,Product C,Category 2,Australia,90,621.75,0.22,91.17,406,50,3,Wholesale
04/05/2024,Product C,Category 2,Canada,96,507.62,14.6,385.97,154,106,8,Wholesale
05/05/2024,Product B,Category 2,Australia,97,953.87,11.44,55.67,481,88,2,Retail
06/05/2024,Product A,Category 2,UK,59,154.54,8.68,340.02,307,79,3,Wholesale
07/05/2024,Product A,Category 1,UK,17,716.86,2.55,132.29,253,98,2,Retail
08/05/2024,Product B,Category 1,Canada,50,122.47,8.18,154.58,359,99,1,Wholesale
09/05/2024,Product C,Category 1,USA,15,254.29,7.09,336.03,311,59,2,Retail
10/05/2024,Product D,Category 1,USA,78,508.22,6.06,496.82,156,124,8,Wholesale
11/05/2024,Product B,Category 1,Australia,53,509.39,14.62,399.97,300,46,9,Retail
12/05/2024,Product D,Category 1,UK,73,717.13,14.01,151.63,473,104,2,Wholesale
13/05/2024,Product C,Category 1,USA,38,919.19,11.78,129.21,270,49,7,Retail
14/05/2024,Product A,Category 2,Canada,37,675.13,18.77,439.8,428,77,5,Wholesale
15/05/2024,Product C,Category 1,Canada,20,958.18,7,249.88,271,102,3,Wholesale
16/05/2024,Product B,Category 1,UK,74,893.45,4.88,111.67,307,31,9,Retail
17/05/2024,Product A,Category 2,Canada,28,626.05,13.12,438,250,66,6,Retail
18/05/2024,Product B,Category 1,Canada,18,850.41,3.98,417.24,416,30,1,Retail
19/05/2024,Product B,Category 1,UK,36,678.32,6.3,492.76,307,33,5,Retail
20/05/2024,Product C,Category 2,Australia,43,170.7,4.49,459.38,398,129,7,Retail
21/05/2024,Product B,Category 1,Australia,53,766.51,1.38,433.31,274,83,4,Wholesale
22/05/2024,Product C,Category 1,Canada,77,185.42,16.55,73.66,251,54,8,Retail
23/05/2024,Product A,Category 1,Australia,91,634.67,5.09,96.99,275,32,5,Retail
24/05/2024,Product C,Category 2,Australia,24,732.38,9.46,306.04,285,38,9,Wholesale
25/05/2024,Product A,Category 1,Canada,60,159.87,0.87,289.17,232,115,9,Retail
26/05/2024,Product C,Category 1,Australia,22,307.72,13.99,256.08,249,116,9,Retail
27/05/2024,Product D,Category 2,Canada,92,924.11,6.61,228.56,406,105,1,Retail
28/05/2024,Product D,Category 1,USA,58,654.68,14.89,244.04,295,103,2,Wholesale
29/05/2024,Product B,Category 2,UK,79,321.66,8.25,306.18,493,63,3,Retail
30/05/2024,Product C,Category 2,UK,65,721.61,3.92,50.93,402,72,4,Wholesale
31/05/2024,Product C,Category 1,Australia,85,637.1,10.26,167.32,160,103,9,Wholesale
01/06/2024,Product A,Category 2,Australia,60,551.42,2.61,283.23,55,123,6,Retail
02/06/2024,Product B,Category 2,Australia,46,978.57,8.81,375,285,51,1,Wholesale
03/06/2024,Product C,Category 1,UK,26,715.11,6.35,128.37,176,99,9,Retail
04/06/2024,Product B,Category 2,USA,67,437.9,18.24,296.1,153,143,6,Retail
05/06/2024,Product D,Category 2,USA,96,820.07,1.22,371.51,286,31,4,Retail
06/06/2024,Product C,Category 1,UK,99,896.12,13.88,250.08,452,123,4,Retail
07/06/2024,Product C,Category 1,USA,38,212.7,3.66,62.19,204,95,3,Retail
08/06/2024,Product B,Category 1,UK,42,280.5,6.38,252.17,306,61,7,Wholesale
09/06/2024,Product C,Category 2,USA,69,294.6,8.31,183.4,284,135,3,Wholesale
10/06/2024,Product B,Category 1,Canada,98,722.09,18.16,468.34,338,45,2,Wholesale
11/06/2024,Product C,Category 2,Canada,64,642.74,4.85,106.08,89,105,8,Wholesale
12/06/2024,Product A,Category 2,UK,19,657.09,1.83,343.61,337,30,4,Retail
13/06/2024,Product B,Category 2,USA,56,946.7,6.37,73.72,246,146,8,Retail
14/06/2024,Product C,Category 2,Australia,32,798.32,2.09,250.78,322,101,1,Wholesale
15/06/2024,Product D,Category 2,USA,94,215.14,2.57,299.29,431,77,5,Retail
16/06/2024,Product C,Category 2,Canada,30,412.76,11.48,184.08,313,79,9,Wholesale
17/06/2024,Product D,Category 2,Canada,22,491.85,1.22,254.78,106,42,1,Wholesale
18/06/2024,Product D,Category 1,USA,42,456.37,0.62,123.6,347,44,4,Wholesale
19/06/2024,Product A,Category 1,USA,33,702.38,14.29,186.86,147,82,6,Wholesale
20/06/2024,Product B,Category 2,Australia,20,902.7,7.23,329.5,186,73,8,Retail
21/06/2024,Product C,Category 2,Australia,26,375.45,2.51,185.81,425,37,3,Retail
22/06/2024,Product A,Category 1,USA,77,596.69,5.07,454.88,136,103,5,Wholesale
23/06/2024,Product C,Category 2,USA,56,810.47,12.84,332.78,468,75,7,Wholesale
24/06/2024,Product D,Category 1,USA,34,474.6,5.51,247.39,291,98,1,Wholesale
25/06/2024,Product B,Category 1,USA,82,251.31,9.89,67.44,248,143,7,Wholesale
26/06/2024,Product C,Category 1,UK,30,527.46,2.43,274.8,486,48,8,Wholesale
27/06/2024,Product C,Category 2,USA,93,149.7,11.76,394.15,359,140,8,Retail
28/06/2024,Product D,Category 2,Australia,92,948.15,6.32,169.5,133,67,9,Wholesale
29/06/2024,Product C,Category 1,Canada,92,167.34,12.54,413.05,291,40,6,Wholesale
30/06/2024,Product C,Category 1,UK,21,494.61,16.17,163.31,330,146,6,Retail
01/07/2024,Product D,Category 1,USA,46,576.89,12.23,420.69,372,72,2,Retail
02/07/2024,Product A,Category 1,Canada,51,986.77,5.91,88.37,301,49,3,Retail
03/07/2024,Product D,Category 1,UK,26,249.42,5.11,439.78,239,49,4,Retail
04/07/2024,Product A,Category 2,Canada,57,202.99,6.55,274.63,488,50,4,Retail
05/07/2024,Product B,Category 1,USA,37,107.84,3.29,183.44,479,111,8,Retail
06/07/2024,Product A,Category 2,USA,50,240.01,3.62,169.3,201,86,1,Retail
07/07/2024,Product A,Category 1,Australia,56,286.55,15.81,244.4,351,79,4,Retail
08/07/2024,Product B,Category 2,USA,27,667.52,7.69,499.57,327,103,4,Retail
09/07/2024,Product A,Category 2,USA,87,297.74,8.72,149.15,188,127,1,Wholesale
10/07/2024,Product D,Category 2,UK,80,118.47,11.88,96.45,225,55,3,Retail
11/07/2024,Product A,Category 2,Australia,22,843.96,11.79,313.27,57,59,5,Wholesale
12/07/2024,Product B,Category 2,UK,91,429.04,1.35,269.84,344,102,6,Wholesale
13/07/2024,Product D,Category 2,Canada,22,418.33,16.63,285.89,284,139,9,Wholesale
14/07/2024,Product B,Category 1,USA,40,372.23,3.55,350.12,212,144,9,Wholesale
15/07/2024,Product B,Category 2,Canada,11,977.84,14.46,170.21,98,60,9,Wholesale
16/07/2024,Product C,Category 1,UK,25,253.1,15.45,459.8,351,71,1,Wholesale
17/07/2024,Product C,Category 2,USA,18,908.41,14.3,246.05,87,148,9,Wholesale
18/07/2024,Product B,Category 2,USA,82,799.12,11.58,108.09,185,97,8,Wholesale
19/07/2024,Product B,Category 1,UK,47,168.83,0.29,384.03,359,90,2,Retail
20/07/2024,Product B,Category 2,UK,84,988.06,7.21,339.4,470,90,1,Wholesale
21/07/2024,Product C,Category 1,UK,63,344.23,12.1,192.08,268,99,1,Wholesale
22/07/2024,Product C,Category 1,UK,65,188.72,7.75,329.68,397,107,6,Wholesale
23/07/2024,Product A,Category 1,UK,95,846.38,17.27,148.94,345,97,9,Wholesale
24/07/2024,Product A,Category 1,USA,96,736.01,6.18,250.18,83,119,7,Retail
25/07/2024,Product B,Category 2,UK,54,655.5,5.87,454.74,401,140,5,Wholesale
26/07/2024,Product D,Category 2,USA,43,240.38,5.32,110.09,128,141,2,Retail
27/07/2024,Product D,Category 1,USA,18,530.65,6.66,224.01,285,132,1,Retail
28/07/2024,Product C,Category 2,UK,97,802.5,11.15,419.51,432,46,2,Wholesale
29/07/2024,Product C,Category 2,UK,17,373.26,14.14,486.27,322,48,1,Wholesale
30/07/2024,Product C,Category 1,Australia,16,380.52,13.25,254.27,210,80,3,Retail
31/07/2024,Product B,Category 2,USA,45,102.83,16.15,278.15,224,142,6,Wholesale
01/08/2024,Product D,Category 1,UK,27,256.82,17.72,307.48,415,99,8,Wholesale
02/08/2024,Product A,Category 1,UK,12,887.87,16.32,469.56,357,92,3,Retail
03/08/2024,Product B,Category 2,UK,37,497.57,0.38,436.19,423,122,9,Retail
04/08/2024,Product A,Category 2,Australia,79,985.81,14.72,126.77,270,104,5,Wholesale
05/08/2024,Product A,Category 2,Australia,53,456.14,4.17,246.54,58,109,7,Wholesale
06/08/2024,Product B,Category 1,Canada,30,743.67,2.66,258.8,338,59,8,Wholesale
07/08/2024,Product A,Category 1,USA,37,353.73,12.77,405.09,493,54,3,Retail
08/08/2024,Product D,Category 2,Canada,63,427.43,6.39,321.3,162,133,2,Wholesale
09/08/2024,Product A,Category 2,UK,63,271.65,1.14,344.4,254,104,2,Retail
10/08/2024,Product D,Category 2,Australia,74,412.36,2.75,499.19,454,100,5,Retail
11/08/2024,Product D,Category 2,Australia,30,592.51,0.02,83.73,235,55,1,Wholesale
12/08/2024,Product D,Category 1,Canada,22,992.6,18.06,150.35,390,85,2,Retail
13/08/2024,Product C,Category 2,Australia,66,697.78,0.49,233.55,246,51,9,Wholesale
14/08/2024,Product A,Category 1,UK,58,279.32,4.19,206.5,315,118,7,Wholesale
15/08/2024,Product B,Category 1,Australia,63,140.47,8.33,59.74,311,48,6,Retail
16/08/2024,Product B,Category 2,Canada,19,213.72,7.13,91.3,297,60,9,Wholesale
17/08/2024,Product A,Category 2,UK,62,606.3,18.23,356.43,164,55,7,Retail
18/08/2024,Product C,Category 2,Canada,53,788.64,0.81,445.7,170,71,5,Retail
19/08/2024,Product C,Category 1,Australia,56,946.38,10.24,281.4,190,70,9,Wholesale
20/08/2024,Product D,Category 2,Canada,62,114.24,13.61,292.64,114,129,6,Wholesale
21/08/2024,Product A,Category 2,Canada,83,570.48,18.63,164.79,325,52,6,Wholesale
22/08/2024,Product A,Category 1,USA,55,523.78,12.41,395.54,362,76,4,Wholesale
23/08/2024,Product B,Category 2,Australia,22,690.45,16.08,388.31,288,42,1,Retail
24/08/2024,Product A,Category 1,Australia,46,603.62,1.67,314.76,351,118,5,Retail
25/08/2024,Product C,Category 2,Canada,33,718.34,7.72,145.7,441,95,9,Retail
26/08/2024,Product A,Category 1,USA,11,692.27,7.48,93.66,59,95,8,Wholesale
27/08/2024,Product B,Category 2,Australia,95,205.31,17.73,78.91,418,45,8,Retail
28/08/2024,Product D,Category 2,UK,90,819.75,3.03,316.71,282,102,5,Retail
29/08/2024,Product B,Category 1,Canada,23,210.91,3.04,421.27,244,57,9,Wholesale
30/08/2024,Product B,Category 1,Australia,19,728.68,6.57,436.25,444,106,3,Wholesale
31/08/2024,Product D,Category 2,UK,44,474.53,1.09,258.63,61,64,3,Wholesale
01/09/2024,Product B,Category 1,Australia,34,562.47,3.65,402.92,443,70,1,Retail
02/09/2024,Product B,Category 1,UK,12,912.97,19.3,476.1,458,106,9,Wholesale
03/09/2024,Product A,Category 1,Canada,26,900.9,8.56,173.83,226,60,6,Retail
04/09/2024,Product A,Category 1,Australia,21,836.07,12.64,229.08,226,114,2,Retail
05/09/2024,Product D,Category 2,Australia,63,559.13,14.52,469.17,266,61,8,Retail
06/09/2024,Product A,Category 2,USA,33,762.62,7.34,202.2,60,83,9,Retail
07/09/2024,Product A,Category 1,Canada,38,561.61,2.94,461.24,495,127,9,Retail
08/09/2024,Product B,Category 1,UK,52,882.65,4.13,491.47,167,101,2,Wholesale
09/09/2024,Product C,Category 1,Australia,34,462.5,6.27,347.81,213,88,2,Retail
10/09/2024,Product A,Category 1,Australia,69,973.21,12.72,417.6,88,70,7,Wholesale
11/09/2024,Product C,Category 2,UK,99,939.09,7.97,387.3,102,141,4,Retail
12/09/2024,Product A,Category 2,Canada,74,767.44,0.14,364.79,267,95,1,Retail
13/09/2024,Product A,Category 1,USA,93,351.47,10.47,188.12,255,131,8,Wholesale
14/09/2024,Product D,Category 1,USA,37,218.49,18.43,75.69,361,125,2,Retail
15/09/2024,Product D,Category 1,Australia,25,869.23,16.24,204.37,409,83,3,Retail
16/09/2024,Product D,Category 2,UK,56,248.77,16.5,350.12,434,69,5,Wholesale
17/09/2024,Product C,Category 1,Australia,90,868.83,15.9,96.14,105,57,3,Wholesale
18/09/2024,Product B,Category 2,UK,67,541.69,6.47,55.36,167,66,7,Retail
19/09/2024,Product A,Category 1,USA,85,465.9,15.3,112.86,437,134,7,Retail
20/09/2024,Product A,Category 2,Canada,36,912.87,2.86,372.08,302,94,2,Retail
21/09/2024,Product A,Category 1,UK,62,643.47,13.15,487.76,335,134,7,Wholesale
22/09/2024,Product C,Category 2,USA,51,618.95,12.83,492.38,317,103,6,Retail
23/09/2024,Product D,Category 1,Australia,68,602.89,0.51,272.29,340,84,9,Wholesale
24/09/2024,Product B,Category 1,UK,56,434.05,15.76,441.21,382,33,9,Wholesale
25/09/2024,Product C,Category 1,Canada,43,807.08,18.06,381.57,229,128,2,Retail
26/09/2024,Product D,Category 2,Australia,46,327.52,5.35,275.47,464,39,7,Wholesale
27/09/2024,Product C,Category 1,Australia,15,945.01,16.25,307.74,407,76,5,Retail
28/09/2024,Product B,Category 2,USA,16,904.59,1.65,111.75,284,104,6,Retail
29/09/2024,Product D,Category 2,UK,34,403.73,12,471.95,392,43,1,Wholesale
30/09/2024,Product C,Category 1,Australia,42,756.52,9.71,208.37,245,67,7,Wholesale
01/10/2024,Product B,Category 1,Canada,64,615.9,10.92,250.77,357,41,6,Wholesale
02/10/2024,Product A,Category 1,UK,67,403.88,18.52,352.25,129,74,4,Wholesale
03/10/2024,Product B,Category 2,Canada,16,989.67,17.43,200.26,184,46,1,Wholesale
04/10/2024,Product A,Category 1,Australia,66,122.71,15.7,164.42,71,109,9,Wholesale
05/10/2024,Product C,Category 2,Canada,21,327.38,5.47,333.97,380,64,4,Retail
06/10/2024,Product D,Category 2,USA,25,568.07,18.24,61.24,489,95,2,Retail
07/10/2024,Product D,Category 1,Canada,89,569.76,1.95,374.33,274,104,8,Retail
08/10/2024,Product C,Category 1,UK,52,630.04,17.07,281.31,107,70,2,Wholesale
09/10/2024,Product D,Category 1,Canada,86,776.51,6.56,322.59,142,96,5,Wholesale
10/10/2024,Product D,Category 1,Canada,16,661.13,1.08,334.35,241,58,6,Wholesale
11/10/2024,Product A,Category 1,USA,60,640.25,13.39,287.17,152,47,8,Retail
12/10/2024,Product C,Category 1,Canada,82,148.16,4.63,312.14,445,49,1,Retail
13/10/2024,Product B,Category 2,Canada,41,438.88,4.87,357.7,56,140,1,Wholesale
14/10/2024,Product A,Category 2,Australia,84,308.85,6.12,388.9,177,43,4,Wholesale
15/10/2024,Product C,Category 2,Australia,17,338.83,1.27,377.35,104,63,5,Wholesale
16/10/2024,Product A,Category 1,UK,96,598.9,3.54,441.33,280,78,9,Wholesale
17/10/2024,Product B,Category 2,Australia,98,279.55,0.1,135.25,411,83,7,Retail
18/10/2024,Product B,Category 2,Australia,81,364.55,8.91,230.52,111,60,7,Retail
19/10/2024,Product C,Category 2,Australia,54,313.38,1.69,476.51,289,87,8,Retail
20/10/2024,Product B,Category 2,Australia,95,953.65,13.65,228.47,139,133,5,Wholesale
21/10/2024,Product A,Category 2,USA,68,950.2,4.71,106.19,281,71,5,Retail
22/10/2024,Product B,Category 1,Australia,13,648.95,18.87,286.45,282,87,1,Wholesale
23/10/2024,Product A,Category 1,USA,76,932.07,17.43,99.27,403,111,9,Wholesale
24/10/2024,Product A,Category 2,USA,38,807.23,5.79,141.28,382,59,6,Wholesale
25/10/2024,Product B,Category 2,Australia,38,630.95,15.66,499.24,488,54,9,Retail
26/10/2024,Product C,Category 2,Canada,37,105.79,16.06,293.61,424,92,3,Retail
27/10/2024,Product D,Category 1,USA,86,795.26,19.73,177.83,341,48,5,Wholesale
28/10/2024,Product B,Category 1,Canada,88,732.24,11.96,497.65,394,101,2,Retail
29/10/2024,Product A,Category 2,Canada,96,653.73,1.64,484.95,201,121,5,Wholesale
30/10/2024,Product A,Category 1,Australia,53,784.38,12.94,248.33,477,37,8,Wholesale
31/10/2024,Product B,Category 1,UK,99,561.63,12.5,167.18,194,124,2,Wholesale
01/11/2024,Product C,Category 2,Australia,13,733.67,12.77,427.28,179,32,8,Retail
02/11/2024,Product C,Category 1,UK,99,941.65,6.14,372.03,190,96,4,Retail
03/11/2024,Product A,Category 1,UK,18,438.22,17.19,359.12,464,137,1,Wholesale
04/11/2024,Product A,Category 2,Australia,14,737.31,19.19,451.9,142,115,5,Retail
05/11/2024,Product C,Category 1,Australia,65,528.12,4.35,360.24,163,110,1,Retail
06/11/2024,Product D,Category 1,UK,93,706.96,1.76,177.71,333,129,7,Retail
07/11/2024,Product B,Category 2,Australia,59,786.6,3.89,362.24,493,46,8,Retail
08/11/2024,Product A,Category 1,UK,84,140.91,16.41,187.62,460,43,3,Wholesale
09/11/2024,Product A,Category 1,Canada,24,681.94,13.53,391.66,192,144,3,Retail
10/11/2024,Product C,Category 2,Australia,41,304.07,12.72,328.89,272,38,7,Wholesale
11/11/2024,Product B,Category 2,Canada,37,703.03,8.04,84.84,281,91,4,Wholesale
12/11/2024,Product C,Category 2,USA,31,521.5,11.56,280.78,82,123,3,Retail
13/11/2024,Product B,Category 1,Canada,26,796.2,6.16,204.49,325,50,8,Wholesale
14/11/2024,Product B,Category 2,Canada,68,211.06,9.54,197.86,219,105,3,Wholesale
15/11/2024,Product B,Category 1,UK,99,663.69,15.86,321.02,189,66,7,Retail
16/11/2024,Product A,Category 2,Canada,80,350.62,19.62,195.05,406,125,2,Wholesale
17/11/2024,Product D,Category 1,Australia,66,867.68,18.65,399.6,250,40,1,Wholesale
18/11/2024,Product C,Category 2,UK,35,935.55,18.68,81.86,72,49,6,Retail
19/11/2024,Product D,Category 2,USA,34,996.76,8.04,347.17,273,64,8,Retail
20/11/2024,Product C,Category 2,Australia,19,816.41,9.38,414.14,417,82,1,Retail
21/11/2024,Product B,Category 2,USA,54,778.36,14.11,352.77,319,76,9,Retail
22/11/2024,Product A,Category 1,Canada,92,293.95,18.44,273.75,396,139,3,Retail
23/11/2024,Product D,Category 2,Australia,20,402.41,2.84,477.64,202,104,3,Wholesale
24/11/2024,Product A,Category 2,Australia,86,519.11,6.08,184.97,382,81,4,Wholesale
25/11/2024,Product C,Category 1,USA,62,796.04,2.78,58.63,134,37,1,Retail
26/11/2024,Product A,Category 2,Australia,81,923.47,12.24,244.4,158,33,9,Retail
27/11/2024,Product A,Category 1,Australia,77,270.23,6.13,64.86,80,56,3,Wholesale
28/11/2024,Product D,Category 2,Australia,37,930.13,6.52,479.27,278,73,4,Retail
29/11/2024,Product B,Category 2,Canada,84,726.06,1.42,144.46,289,69,1,Retail
30/11/2024,Product A,Category 2,USA,74,649.69,7,405.02,427,131,4,Wholesale
01/12/2024,Product B,Category 1,Australia,58,279.86,17.25,398.56,412,76,1,Wholesale
02/12/2024,Product C,Category 2,UK,56,149.97,4.66,147.98,359,123,5,Wholesale
03/12/2024,Product A,Category 2,UK,61,611.62,13.9,329.55,438,73,5,Retail
04/12/2024,Product D,Category 2,UK,97,686.36,12.59,71.64,190,77,7,Wholesale
05/12/2024,Product C,Category 1,UK,63,289.7,17.27,267.61,205,141,8,Retail
06/12/2024,Product C,Category 1,Canada,69,600.81,2.65,56.59,348,120,4,Wholesale
07/12/2024,Product D,Category 2,Australia,66,870.84,19.55,464.51,394,114,7,Retail
08/12/2024,Product A,Category 1,USA,56,851.56,11.65,489.24,420,81,4,Retail
09/12/2024,Product A,Category 2,Australia,40,934.62,19.91,150.03,148,113,3,Retail
10/12/2024,Product C,Category 2,Canada,55,429.3,18.23,143.65,96,97,6,Wholesale
11/12/2024,Product A,Category 2,UK,35,386.24,4.43,389.17,376,40,4,Wholesale
12/12/2024,Product B,Category 2,Canada,14,774.48,1.12,164.02,471,106,3,Wholesale
13/12/2024,Product D,Category 2,Australia,93,488,5.11,452.78,116,102,9,Retail
14/12/2024,Product B,Category 2,USA,61,178.79,10.55,308.27,111,33,5,Wholesale
15/12/2024,Product A,Category 2,Canada,84,354.52,3.43,207.85,158,105,7,Wholesale
16/12/2024,Product C,Category 1,USA,63,476.72,3.35,424.71,216,102,6,Retail
17/12/2024,Product D,Category 1,Canada,42,363.26,9.25,272.03,86,106,5,Retail
18/12/2024,Product A,Category 1,USA,59,398.99,0.67,460.23,168,77,7,Wholesale
19/12/2024,Product A,Category 1,USA,47,364.4,2.44,467.61,135,55,6,Wholesale
20/12/2024,Product C,Category 1,UK,36,137.35,8.32,124.44,431,131,2,Wholesale
21/12/2024,Product C,Category 1,USA,24,673.39,1.26,51.05,441,135,3,Retail
22/12/2024,Product B,Category 1,UK,70,637.56,7.94,492.77,101,106,2,Wholesale
23/12/2024,Product D,Category 2,Australia,30,688.05,9.48,457.76,140,68,3,Retail
24/12/2024,Product D,Category 2,Australia,55,273.08,9.03,74.95,338,121,1,Retail
25/12/2024,Product C,Category 2,UK,78,366.09,17.38,424.87,386,87,8,Wholesale
26/12/2024,Product B,Category 2,UK,15,657.65,10.6,256.01,347,48,6,Wholesale
27/12/2024,Product D,Category 1,Canada,47,639.66,9.36,166.53,253,117,2,Retail
28/12/2024,Product C,Category 1,Canada,71,555.7,8.21,445.44,417,112,8,Retail
29/12/2024,Product A,Category 2,Canada,95,415.37,16.35,138.5,287,142,6,Wholesale
30/12/2024,Product D,Category 2,Australia,71,921.64,17.9,476.28,431,106,7,Wholesale
31/12/2024,Product B,Category 1,Canada,91,405.79,17.06,142.53,204,106,1,Wholesale
01/01/2025,Product B,Category 2,USA,87,510.06,13.47,326.16,289,87,7,Retail
02/01/2025,Product B,Category 2,USA,83,710.3,2.75,150.39,185,57,3,Retail
03/01/2025,Product A,Category 2,Canada,55,588.72,5.54,295.55,456,146,8,Wholesale
04/01/2025,Product D,Category 2,USA,22,412.2,0.92,357.79,411,95,6,Retail
05/01/2025,Product D,Category 1,Australia,12,492.08,18.62,135.6,430,39,4,Retail
06/01/2025,Product A,Category 2,USA,15,815.03,13.22,284.4,418,115,8,Wholesale
07/01/2025,Product D,Category 2,Australia,17,350.32,14.93,261.08,113,106,9,Retail
08/01/2025,Product A,Category 1,UK,53,228.03,6.23,81.97,172,87,2,Wholesale
09/01/2025,Product A,Category 1,UK,42,381.85,16.91,418.24,303,102,6,Wholesale
10/01/2025,Product A,Category 2,UK,90,864.58,5.19,201.06,163,126,5,Retail
11/01/2025,Product B,Category 1,UK,84,180.09,0.03,308.56,69,43,5,Retail
12/01/2025,Product D,Category 2,USA,86,992.53,7.53,281.65,65,141,3,Wholesale
13/01/2025,Product A,Category 2,Canada,59,586.9,11.42,280.97,194,113,8,Retail
14/01/2025,Product D,Category 1,USA,20,986.36,9.57,98.25,257,44,8,Wholesale
15/01/2025,Product B,Category 2,Australia,37,945.1,17.24,240.57,68,125,5,Retail
16/01/2025,Product A,Category 2,USA,79,507.53,2.11,253.57,425,62,8,Retail
17/01/2025,Product C,Category 2,USA,50,278.64,11.08,380.14,441,46,8,Retail
18/01/2025,Product B,Category 2,Australia,25,248.4,10.26,428.01,215,53,3,Wholesale
19/01/2025,Product C,Category 1,UK,77,315.99,5.63,295.24,87,59,2,Retail
20/01/2025,Product D,Category 1,UK,57,739.12,16.44,89.05,230,91,9,Wholesale
21/01/2025,Product D,Category 2,UK,65,345.65,15.06,156.58,398,42,2,Wholesale
22/01/2025,Product B,Category 1,Canada,73,407.28,14.66,124.22,154,91,9,Wholesale
23/01/2025,Product D,Category 2,Australia,68,503.9,17.52,106.08,149,76,4,Retail
24/01/2025,Product C,Category 2,Australia,99,921.91,14.46,214.65,139,141,2,Wholesale
25/01/2025,Product A,Category 2,USA,71,270.45,4.64,153.23,464,45,1,Wholesale
26/01/2025,Product A,Category 2,Canada,85,104.52,14.11,148.24,349,95,4,Retail
27/01/2025,Product A,Category 2,UK,20,154.09,6.15,74.61,493,110,9,Wholesale
28/01/2025,Product B,Category 1,Canada,98,914.29,4.84,57.95,381,125,9,Wholesale
29/01/2025,Product D,Category 2,Australia,27,682.76,1.46,96.25,450,72,4,Retail
30/01/2025,Product C,Category 1,Australia,28,345.74,14.88,127.49,128,37,9,Wholesale
31/01/2025,Product D,Category 1,USA,96,259.47,14.22,243.94,122,145,6,Retail
01/02/2025,Product D,Category 2,USA,64,364.84,4.69,279.73,472,32,1,Wholesale
02/02/2025,Product D,Category 2,Australia,91,203.32,14.99,113.27,475,41,6,Wholesale
03/02/2025,Product A,Category 2,UK,35,947.38,18.36,241.15,225,113,9,Retail
04/02/2025,Product C,Category 2,UK,15,805.79,2.16,203.79,445,45,2,Wholesale
05/02/2025,Product C,Category 2,Canada,13,516.15,4.65,132.54,145,107,6,Wholesale
06/02/2025,Product D,Category 1,Australia,38,878.47,15.01,53.08,394,109,2,Wholesale
07/02/2025,Product A,Category 2,Australia,68,324.51,5.49,260.16,152,88,4,Retail
08/02/2025,Product A,Category 2,UK,26,745.41,12.49,358.54,451,146,8,Retail
09/02/2025,Product C,Category 1,UK,52,870.52,1.62,151.82,273,78,7,Retail
10/02/2025,Product A,Category 1,Australia,89,421.09,9.04,109.31,55,92,9,Retail
11/02/2025,Product A,Category 2,USA,75,781.72,14.78,449.17,171,91,7,Retail
12/02/2025,Product A,Category 1,Australia,43,365.57,13.73,173.76,285,136,1,Wholesale
13/02/2025,Product B,Category 2,Australia,17,368.97,16.3,150.63,476,78,2,Retail
14/02/2025,Product D,Category 1,UK,22,196.35,17.55,435.69,165,80,6,Retail
15/02/2025,Product C,Category 1,UK,17,496.05,15.46,417.7,212,147,7,Retail
16/02/2025,Product C,Category 2,USA,74,756.74,13.43,251.76,275,62,3,Wholesale
17/02/2025,Product B,Category 1,USA,52,946.2,0.63,270.16,279,59,9,Wholesale
18/02/2025,Product D,Category 1,Canada,48,643.42,10.7,147.99,231,88,7,Retail
19/02/2025,Product C,Category 1,Australia,90,876.82,0.75,85.24,298,105,6,Wholesale
20/02/2025,Product A,Category 1,UK,68,840.25,16.16,308.04,367,44,6,Wholesale
21/02/2025,Product C,Category 1,USA,93,256.01,6.41,94.26,259,111,1,Wholesale
22/02/2025,Product A,Category 1,Canada,97,537.24,11.25,252.17,193,121,5,Wholesale
23/02/2025,Product B,Category 2,Canada,95,205.23,5.59,473.22,441,52,3,Retail
24/02/2025,Product A,Category 2,UK,95,713.94,15.65,478.78,394,107,7,Retail
25/02/2025,Product C,Category 1,UK,53,954.91,17.73,157.7,145,123,3,Wholesale
26/02/2025,Product C,Category 2,Canada,18,223.38,7.97,330.85,431,126,5,Wholesale
27/02/2025,Product C,Category 2,USA,46,760.49,17.26,263.33,395,74,7,Wholesale
28/02/2025,Product B,Category 2,Canada,83,669.01,5.34,444.06,293,91,3,Wholesale
01/03/2025,Product B,Category 1,Australia,45,625.24,10.69,172.14,135,108,2,Retail
02/03/2025,Product D,Category 2,Australia,37,451.11,17.18,51.67,464,100,6,Wholesale
03/03/2025,Product C,Category 1,UK,51,419.62,6.52,123.15,443,44,8,Retail
04/03/2025,Product A,Category 2,USA,52,140.72,19.08,207.29,233,145,4,Wholesale
05/03/2025,Product B,Category 1,USA,94,296.12,2.44,192.07,170,135,9,Retail
06/03/2025,Product C,Category 1,Australia,97,113.66,0.37,406.11,381,75,8,Wholesale
07/03/2025,Product C,Category 2,Canada,51,623.28,18.08,356.25,141,93,7,Retail
08/03/2025,Product B,Category 2,UK,75,195.27,1.37,184.8,119,131,7,Retail
09/03/2025,Product D,Category 1,Canada,64,885.72,19.84,255.98,453,75,3,Retail
10/03/2025,Product B,Category 2,Canada,81,570.83,19.03,93,182,85,6,Wholesale
11/03/2025,Product B,Category 2,Canada,57,729.72,2.74,454.17,328,147,5,Retail
12/03/2025,Product A,Category 2,USA,31,469.77,10.75,470.94,186,73,1,Wholesale
13/03/2025,Product A,Category 1,Australia,36,604.52,3.7,490.91,363,104,3,Retail
14/03/2025,Product D,Category 1,USA,76,948.39,8.56,440.85,236,58,1,Retail
15/03/2025,Product C,Category 2,Australia,22,174.46,1.23,128.28,270,124,4,Wholesale
16/03/2025,Product B,Category 2,UK,54,328.54,4.48,70.79,487,91,3,Retail
17/03/2025,Product D,Category 2,UK,19,801.99,7.27,310.82,95,118,4,Wholesale
18/03/2025,Product A,Category 1,Canada,18,188.86,8.77,460.67,327,81,9,Wholesale
19/03/2025,Product B,Category 1,Australia,63,168.09,19.55,129.81,241,83,3,Wholesale
20/03/2025,Product C,Category 2,Australia,36,425.39,16.16,53.17,57,117,6,Wholesale
21/03/2025,Product A,Category 2,Australia,43,182.95,14.75,412.47,428,86,6,Retail
22/03/2025,Product A,Category 2,Canada,10,626.57,10.74,84.56,325,112,7,Retail
23/03/2025,Product A,Category 2,Canada,41,303.65,16.8,236.17,228,95,9,Wholesale
24/03/2025,Product D,Category 2,UK,98,906.13,6.79,355.5,383,51,7,Retail
25/03/2025,Product C,Category 2,USA,80,805.15,14.18,156.56,88,49,1,Retail
26/03/2025,Product B,Category 1,Australia,76,729.73,19.88,87.78,342,62,8,Wholesale
27/03/2025,Product D,Category 2,Australia,93,655.25,6.29,396.51,227,101,5,Retail
28/03/2025,Product D,Category 1,USA,29,877.12,13.48,333.58,211,54,9,Wholesale
29/03/2025,Product D,Category 2,Australia,44,300.76,16.89,494.82,380,75,5,Retail
30/03/2025,Product A,Category 2,Canada,99,885.8,18.32,204.94,423,102,5,Retail
31/03/2025,Product C,Category 1,Canada,87,810.54,14.36,77.79,153,127,2,Wholesale
01/04/2025,Product D,Category 1,Australia,26,773.34,5.67,380.46,210,86,3,Retail
02/04/2025,Product B,Category 1,Canada,27,605.13,6.53,284.78,336,116,9,Retail
03/04/2025,Product C,Category 1,Canada,54,321.62,0.42,145.94,172,34,7,Wholesale
04/04/2025,Product B,Category 2,Australia,93,481.19,15.22,401.78,103,84,1,Retail
05/04/2025,Product C,Category 1,UK,62,814.21,0.85,141.69,477,90,3,Wholesale
06/04/2025,Product B,Category 2,USA,91,128.6,17.29,167.3,83,118,2,Retail
07/04/2025,Product A,Category 1,Canada,77,803.85,2.37,91.64,291,37,1,Wholesale
08/04/2025,Product D,Category 2,UK,74,316.06,3.44,229.74,427,45,9,Wholesale
09/04/2025,Product B,Category 2,Canada,10,229.88,9.53,238.52,162,147,8,Wholesale
10/04/2025,Product C,Category 2,Canada,67,204.13,14.76,281.55,367,77,5,Wholesale
11/04/2025,Product D,Category 2,USA,35,124.53,2.78,369.03,72,138,2,Wholesale
12/04/2025,Product D,Category 2,Canada,29,571.23,8.8,457.75,95,145,1,Retail
13/04/2025,Product C,Category 2,USA,96,296.43,9.66,111.98,361,90,7,Retail
14/04/2025,Product B,Category 1,USA,19,990.49,4.25,74.46,184,44,2,Wholesale
15/04/2025,Product A,Category 2,USA,68,616.99,2.31,58.34,167,94,1,Retail
16/04/2025,Product A,Category 1,UK,84,224.1,16.73,114.63,238,51,2,Wholesale
17/04/2025,Product B,Category 1,Australia,50,719.89,10.05,346.08,180,32,7,Retail
18/04/2025,Product D,Category 2,UK,14,907.97,0.29,377.36,471,131,7,Retail
19/04/2025,Product D,Category 1,Australia,74,770.66,16.06,403.93,261,83,6,Wholesale
20/04/2025,Product D,Category 2,Australia,26,168.8,19.62,159.67,467,43,5,Wholesale
21/04/2025,Product D,Category 1,USA,31,906.3,12.12,187.65,162,65,3,Retail
22/04/2025,Product B,Category 2,Canada,50,814.54,10.07,267.41,93,111,3,Retail
23/04/2025,Product D,Category 1,USA,77,242.47,17.57,78.43,177,140,9,Wholesale
24/04/2025,Product C,Category 2,Canada,78,146.61,19.05,325.01,413,134,4,Retail
25/04/2025,Product D,Category 2,Australia,20,601.58,15.09,492.68,207,111,9,Retail
26/04/2025,Product A,Category 2,USA,65,240.43,8.91,212.36,322,96,4,Wholesale
27/04/2025,Product D,Category 2,Canada,60,851.13,11.84,388.78,364,39,2,Retail
28/04/2025,Product B,Category 1,UK,30,422.5,14.02,275.02,443,78,4,Wholesale
29/04/2025,Product A,Category 2,Canada,85,921.6,3.89,107.52,404,132,6,Wholesale
30/04/2025,Product B,Category 1,USA,35,609.12,8.94,312.01,389,140,6,Wholesale
01/05/2025,Product B,Category 1,UK,28,264.41,16.6,184.94,451,94,5,Retail
02/05/2025,Product A,Category 1,Canada,69,225.64,13.09,65.48,94,120,1,Retail
03/05/2025,Product B,Category 2,Canada,80,618.83,8.22,335.72,157,86,3,Wholesale
04/05/2025,Product B,Category 1,Canada,56,785.7,13.27,436.52,268,56,5,Wholesale
05/05/2025,Product D,Category 1,Canada,80,803.36,2.36,205.15,492,104,6,Retail
06/05/2025,Product C,Category 1,Canada,35,348.18,8.03,225.63,367,142,1,Retail
07/05/2025,Product B,Category 2,UK,49,283.82,15.86,450.96,364,34,9,Retail
08/05/2025,Product B,Category 2,Australia,14,115.08,4.41,416.12,226,100,3,Wholesale
09/05/2025,Product B,Category 1,UK,30,711.28,3.72,371.73,277,112,3,Wholesale
10/05/2025,Product D,Category 2,UK,87,168.91,19.02,161.96,240,86,2,Retail
11/05/2025,Product C,Category 2,UK,13,478.69,4.2,459.6,209,149,8,Retail
12/05/2025,Product A,Category 1,Australia,32,641.51,5.22,119.49,443,122,3,Retail
13/05/2025,Product D,Category 1,USA,93,943.4,19.39,332.05,316,44,6,Wholesale
14/05/2025,Product D,Category 2,Australia,24,380.62,14.69,62.96,407,128,2,Wholesale
15/05/2025,Product C,Category 1,UK,17,324.79,13.99,339.67,375,140,7,Retail
16/05/2025,Product C,Category 2,Canada,50,688.74,17.06,174.71,428,130,4,Retail
17/05/2025,Product D,Category 2,Canada,28,657.32,2.32,252.35,239,148,9,Wholesale
18/05/2025,Product A,Category 2,UK,55,398.9,14.12,205.37,224,105,9,Wholesale
19/05/2025,Product D,Category 2,Canada,37,935.29,10.07,127.74,339,59,7,Retail
20/05/2025,Product C,Category 2,UK,77,860.38,16.58,329.89,406,49,8,Retail
21/05/2025,Product A,Category 2,Canada,24,301.58,10.16,446.89,194,66,3,Retail
22/05/2025,Product C,Category 1,Australia,46,315.23,12.4,481.59,281,32,5,Wholesale
23/05/2025,Product A,Category 1,USA,10,561.07,9.55,136.56,409,102,2,Retail
24/05/2025,Product B,Category 2,USA,76,796.21,9.56,372.82,487,70,7,Wholesale
25/05/2025,Product C,Category 2,Australia,33,139.64,15.36,348.95,253,68,8,Wholesale
26/05/2025,Product C,Category 2,Australia,36,724,12.57,204.52,262,55,9,Retail
27/05/2025,Product D,Category 1,UK,49,683.41,12.67,58.59,89,31,7,Retail
28/05/2025,Product C,Category 2,UK,72,308.33,9.01,360.41,324,52,8,Wholesale
29/05/2025,Product C,Category 1,UK,70,713.22,10.62,475.47,372,52,9,Retail
30/05/2025,Product B,Category 2,Canada,45,946.16,14.91,334.45,131,114,6,Wholesale
31/05/2025,Product C,Category 2,UK,33,142.11,16.52,245.88,230,45,2,Retail
01/06/2025,Product B,Category 1,Australia,33,387.69,13.93,286.32,369,38,2,Retail
02/06/2025,Product B,Category 1,USA,13,494.36,18.48,139.83,132,42,4,Retail
03/06/2025,Product B,Category 2,Canada,76,909.33,16.41,387.74,352,57,9,Retail
04/06/2025,Product B,Category 2,UK,43,966.04,11.24,385.89,311,56,7,Wholesale
05/06/2025,Product A,Category 2,Canada,66,499.7,13.43,115.48,321,80,2,Wholesale
06/06/2025,Product D,Category 1,Canada,58,775.03,18.53,445.09,249,93,8,Wholesale
07/06/2025,Product A,Category 1,UK,96,578.49,12.38,171.14,289,81,7,Retail
08/06/2025,Product C,Category 1,Canada,62,584,16.5,492.02,451,110,9,Wholesale
09/06/2025,Product A,Category 1,USA,32,350.29,13.78,222.31,229,67,8,Wholesale
10/06/2025,Product A,Category 1,Australia,78,295.26,11.04,130.05,481,129,3,Wholesale
11/06/2025,Product C,Category 1,Australia,62,359.2,4.84,208.27,220,94,1,Retail
12/06/2025,Product C,Category 2,USA,71,600.7,8.52,248.08,344,47,2,Wholesale
13/06/2025,Product C,Category 2,Canada,50,126.24,19.35,81.19,226,92,2,Retail
14/06/2025,Product A,Category 1,UK,66,916.52,13.16,310.2,418,80,4,Retail
15/06/2025,Product A,Category 2,Canada,69,240.66,11.29,318.93,445,38,6,Wholesale
16/06/2025,Product C,Category 2,USA,63,298.08,18.66,382.52,286,42,4,Retail
17/06/2025,Product D,Category 1,Canada,79,566.45,11.73,63.13,187,69,9,Wholesale
18/06/2025,Product D,Category 2,Australia,66,739.1,10.52,293.56,376,84,4,Wholesale
19/06/2025,Product B,Category 1,Canada,19,186.16,15.19,73.81,415,138,6,Wholesale
20/06/2025,Product C,Category 1,USA,49,385.93,14.25,365.51,360,108,6,Wholesale
21/06/2025,Product B,Category 2,Australia,16,971.81,3.86,75.08,178,72,1,Wholesale
22/06/2025,Product D,Category 1,Canada,47,336.11,9.43,460.28,98,73,8,Retail
23/06/2025,Product B,Category 1,Canada,94,381.75,9.45,365.94,213,139,3,Wholesale
24/06/2025,Product C,Category 1,Australia,70,852.85,7.56,278.33,326,97,6,Retail
25/06/2025,Product C,Category 1,UK,93,145.19,10.35,248.68,342,62,3,Wholesale
26/06/2025,Product C,Category 1,Australia,12,518.15,8.26,108.8,165,53,2,Wholesale
27/06/2025,Product A,Category 1,UK,60,441.66,3.99,180.95,73,65,5,Wholesale
28/06/2025,Product B,Category 1,USA,95,384.93,8.25,441.03,360,144,1,Retail
29/06/2025,Product D,Category 1,USA,56,357.13,1.45,457,74,134,9,Retail
30/06/2025,Product D,Category 2,Australia,77,182.24,11.52,50.34,440,39,7,Retail
01/07/2025,Product D,Category 2,Australia,85,383.34,17.07,317.36,176,129,3,Retail
02/07/2025,Product A,Category 2,USA,47,138.75,14.51,373.69,283,49,4,Wholesale
03/07/2025,Product A,Category 1,UK,45,802.87,7.21,328.44,258,134,6,Wholesale
04/07/2025,Product C,Category 1,USA,50,458.41,1.74,86.76,142,138,3,Retail
05/07/2025,Product D,Category 2,Australia,78,499.51,4.04,147.98,143,137,7,Retail
06/07/2025,Product A,Category 2,USA,22,904.24,10.91,162.65,376,104,6,Retail
07/07/2025,Product C,Category 2,Australia,96,692.25,4.14,424.28,274,41,9,Wholesale
08/07/2025,Product D,Category 1,Australia,67,107.25,10.88,258.44,427,91,5,Retail
09/07/2025,Product B,Category 2,USA,59,948.86,4.63,269.07,329,47,4,Retail
10/07/2025,Product C,Category 2,UK,39,313.43,16.98,470.7,60,123,3,Wholesale
11/07/2025,Product A,Category 1,Canada,71,196.85,7.95,336.69,378,137,1,Retail
12/07/2025,Product A,Category 2,USA,34,791.32,4.91,454.4,61,141,3,Wholesale
13/07/2025,Product C,Category 1,Canada,36,550.43,16.25,255.43,84,130,3,Wholesale
14/07/2025,Product C,Category 1,USA,60,490.39,6.86,117.25,496,92,7,Wholesale
15/07/2025,Product A,Category 1,Canada,87,324.55,2.23,468.47,277,113,7,Wholesale
16/07/2025,Product B,Category 2,UK,66,592.72,11.41,256.42,269,54,1,Wholesale
17/07/2025,Product D,Category 2,UK,56,346.95,11.63,131.73,490,41,3,Retail
18/07/2025,Product B,Category 1,USA,48,911.42,14.29,186.08,190,50,8,Retail
19/07/2025,Product C,Category 2,Australia,25,293.68,4.8,72.86,72,54,9,Wholesale
20/07/2025,Product B,Category 2,Canada,31,895.92,8.88,260.74,132,40,7,Wholesale
21/07/2025,Product A,Category 2,Australia,94,603.46,5.65,433.91,278,93,7,Retail
22/07/2025,Product C,Category 2,Australia,63,845.64,1.62,470.11,472,102,8,Retail
23/07/2025,Product D,Category 1,Australia,30,741.56,17.53,469.67,393,79,6,Wholesale
24/07/2025,Product A,Category 2,UK,81,727.03,14.58,106.35,129,91,3,Retail
25/07/2025,Product A,Category 1,USA,25,391.91,6.03,221.92,402,118,1,Retail
26/07/2025,Product D,Category 1,USA,68,310.51,11.99,62.7,445,128,7,Wholesale
27/07/2025,Product D,Category 2,UK,40,289.8,4.03,434.82,339,145,1,Retail
28/07/2025,Product B,Category 1,UK,51,871.47,17.8,211.44,380,125,1,Retail
29/07/2025,Product C,Category 2,USA,83,838.38,2.3,334,208,78,9,Retail
30/07/2025,Product D,Category 2,Australia,41,496.52,0.08,371.7,177,43,7,Retail
31/07/2025,Product D,Category 1,Canada,68,219.16,10.04,243.43,239,30,4,Wholesale
01/08/2025,Product C,Category 1,Canada,43,444.03,11.66,187.9,446,110,6,Retail
02/08/2025,Product D,Category 1,Canada,18,657.41,11.58,483,80,54,1,Wholesale
03/08/2025,Product D,Category 1,Australia,90,508.96,1.09,484.02,435,88,7,Retail
04/08/2025,Product B,Category 2,USA,20,802.17,6.28,180.25,408,101,6,Wholesale
05/08/2025,Product A,Category 2,UK,19,997.86,9.98,265.83,64,98,4,Wholesale
06/08/2025,Product A,Category 2,USA,95,272.02,4.33,487.78,362,34,7,Retail
07/08/2025,Product A,Category 1,Australia,26,513.69,17.45,52.19,124,134,3,Wholesale
08/08/2025,Product A,Category 1,UK,77,487.89,1.74,235.71,83,128,1,Wholesale
09/08/2025,Product D,Category 1,Australia,57,374.04,9.75,95.21,408,48,4,Wholesale
10/08/2025,Product C,Category 2,Canada,61,278.29,13.83,279.12,245,52,3,Wholesale
11/08/2025,Product C,Category 1,Canada,34,159.12,5.24,61.1,380,38,1,Wholesale
12/08/2025,Product B,Category 2,Australia,30,898.41,12.48,233.1,78,147,2,Retail
13/08/2025,Product B,Category 1,UK,74,477.86,16.59,149.31,243,123,5,Wholesale
14/08/2025,Product D,Category 2,UK,72,547.21,3.81,289.99,65,79,8,Wholesale
15/08/2025,Product C,Category 2,USA,98,925.25,18.34,498.2,472,45,1,Retail
16/08/2025,Product C,Category 1,Canada,60,798.66,11.07,410.24,126,62,4,Retail
17/08/2025,Product A,Category 1,USA,45,217.45,5.98,430.54,342,31,4,Wholesale
18/08/2025,Product D,Category 2,USA,90,608.88,8.62,335.87,130,43,5,Retail
19/08/2025,Product D,Category 2,Australia,97,498.03,6.24,68.7,454,139,7,Retail
20/08/2025,Product A,Category 1,Australia,75,817.49,14.5,143.06,477,30,8,Retail
21/08/2025,Product D,Category 1,USA,24,751.81,15.93,466.28,173,119,6,Retail
22/08/2025,Product D,Category 2,Canada,48,721.37,16.66,214.75,68,87,1,Retail
23/08/2025,Product B,Category 1,Australia,79,406.49,19.72,96.64,151,118,7,Retail
24/08/2025,Product C,Category 2,USA,10,824.47,15.83,366.08,441,45,3,Wholesale
25/08/2025,Product D,Category 2,USA,32,147.15,12.03,184.76,126,108,6,Wholesale
26/08/2025,Product B,Category 1,USA,48,243.66,6.78,170.99,278,119,8,Retail
27/08/2025,Product C,Category 1,USA,66,402.06,10.89,499.09,499,76,7,Retail
28/08/2025,Product A,Category 1,USA,90,169.13,0.82,436.16,346,73,6,Wholesale
29/08/2025,Product B,Category 1,USA,43,311.49,14.9,233.57,252,109,9,Retail
30/08/2025,Product B,Category 1,Australia,50,847.14,8.92,491.12,110,43,9,Wholesale
31/08/2025,Product C,Category 2,Canada,82,953.43,0.4,342.55,75,122,1,Retail
01/09/2025,Product A,Category 2,USA,22,374.14,1.25,383.91,120,53,1,Wholesale
02/09/2025,Product B,Category 1,UK,79,338.06,7.75,64.18,152,140,1,Wholesale
03/09/2025,Product D,Category 1,Australia,15,351.9,11.67,104.72,375,84,8,Retail
04/09/2025,Product D,Category 1,Australia,93,349.95,9.28,334.89,412,44,7,Retail
05/09/2025,Product D,Category 2,USA,61,132.34,12.38,454.56,206,112,3,Retail
06/09/2025,Product A,Category 1,Australia,12,934.22,9.61,330.68,412,101,2,Retail
07/09/2025,Product B,Category 1,USA,90,292.33,13.23,110.31,408,63,4,Wholesale
08/09/2025,Product D,Category 2,Canada,72,478,4.38,102.09,243,31,3,Retail
09/09/2025,Product A,Category 2,Canada,58,108.72,2.26,429.88,324,56,7,Wholesale
10/09/2025,Product D,Category 1,Australia,85,872.16,11.93,112.69,373,103,8,Retail
11/09/2025,Product C,Category 1,Australia,56,758.04,9.69,284.1,235,128,6,Wholesale
12/09/2025,Product B,Category 1,UK,64,952.08,0.54,66.7,375,116,3,Retail
13/09/2025,Product B,Category 2,Australia,73,803.45,7.61,86.3,162,142,6,Retail
14/09/2025,Product A,Category 1,UK,74,382.34,2.12,352.56,362,101,2,Wholesale
15/09/2025,Product A,Category 1,Canada,90,323.09,10.63,360.13,214,121,7,Retail
16/09/2025,Product B,Category 1,Canada,76,727.94,7.92,203.66,110,52,7,Retail
17/09/2025,Product D,Category 2,USA,99,427.7,12.26,147.02,141,97,4,Retail
18/09/2025,Product D,Category 2,Canada,24,609.59,16.11,416.17,335,43,8,Retail
19/09/2025,Product C,Category 1,UK,41,105.63,5.99,147.7,202,92,4,Retail
20/09/2025,Product D,Category 1,Australia,77,155.7,19.24,293.91,274,146,7,Wholesale
21/09/2025,Product A,Category 2,USA,27,581.83,10.71,485.69,176,135,4,Retail
22/09/2025,Product A,Category 2,UK,92,609.46,12.37,116.53,242,122,5,Wholesale
23/09/2025,Product D,Category 2,Australia,52,776.31,13.61,473.39,164,94,7,Retail
24/09/2025,Product A,Category 2,USA,44,218.77,13.33,132.3,311,97,3,Retail
25/09/2025,Product B,Category 2,Canada,87,561.86,10.22,305.35,67,92,5,Wholesale
26/09/2025,Product B,Category 2,UK,67,275,8.58,219.65,59,125,3,Wholesale
